demandes_service_public_demande_id,demandes_service_public_region,demandes_service_public_prefecture,demandes_service_public_commune,demandes_service_public_quartier,demandes_service_public_type_document,demandes_service_public_categorie_document,demandes_service_public_nombre_demandes,demandes_service_public_delai_traitement_jours,demandes_service_public_taux_rejet,demandes_service_public_date_demande,demandes_service_public_motif_demande,demandes_service_public_statut_demande,demandes_service_public_canal_demande,demandes_service_public_age_demandeur,demandes_service_public_sexe_demandeur,demandes_service_public_Nom_du_mois,demandes_service_public_Premiers_caractères
D001,Centrale,Sotouboua,Sotouboua,Nyékonakpoé,Carte d'identité,Identité,168,1,0,samedi 30 septembre 2023,Perte,Rejetée,En ligne,27,M,septembre,sept
D002,Kara,Binah,Pagouda,Hôpital,Carte d'identité,Identité,17,22,"0,09",vendredi 22 décembre 2023,Vol,Traitee,En ligne,21,F,décembre,déce
D003,Plateaux,Ogou,Atakpamé,Bè,Certificat de nationalité,Identité,104,4,"0,08",dimanche 13 août 2023,Concours,Traitee,En ligne,18,M,août,août
D004,Savanes,Oti,Mango,Amoutivé,Carte d'identité,Identité,92,39,"0,02",jeudi 8 juin 2023,Première demande,Rejetée,Guichet,64,M,juin,juin
D005,Maritime,Zio,Tsévié,Adidogomé,Livre de famille,Civil,138,7,"0,12",jeudi 2 février 2023,Détérioration,Rejetée,En ligne,30,M,février,févr
D006,Savanes,Tône,Dapaong,Nyékonakpoé,Carte d'identité,Identité,157,22,"0,15",dimanche 2 avril 2023,Vol,Traitee,En ligne,82,F,avril,avri
D007,Savanes,Oti,Mango,Golfe,Carte d'identité,Identité,25,9,"0,01",jeudi 5 octobre 2023,Vol,Rejetée,Guichet,53,M,octobre,octo
D008,Maritime,Golfe,Lomé,Golfe,Livre de famille,Civil,192,45,"0,04",mercredi 21 juin 2023,Perte,Traitee,En ligne,83,M,juin,juin
D009,Centrale,Tchaoudjo,Sokodé,Hôpital,Passeport,Voyage,177,4,"0,08",mercredi 8 février 2023,Perte,Traitee,Guichet,29,M,février,févr
D010,Kara,Kozah,Kara,Tokoin,Livre de famille,Civil,21,15,"0,1",jeudi 9 novembre 2023,Détérioration,En cours,En ligne,70,F,novembre,nove
D011,Maritime,Golfe,Adidogomé,Hôpital,Casier judiciaire,Judiciaire,145,31,"0,15",lundi 30 octobre 2023,Emploi,En cours,Guichet,39,F,octobre,octo
D012,Kara,Binah,Pagouda,Kodjoviakopé,Livre de famille,Civil,140,19,"0,13",jeudi 18 mai 2023,Nouveau mariage,Traitee,Guichet,83,F,mai,mai
D013,Centrale,Sotouboua,Sotouboua,Golfe,Livre de famille,Civil,102,37,"0,06",dimanche 25 juin 2023,Perte,Rejetée,Guichet,37,F,juin,juin
D014,Savanes,Tône,Dapaong,Golfe,Casier judiciaire,Judiciaire,11,18,"0,12",dimanche 30 avril 2023,Emploi,Traitee,En ligne,70,M,avril,avri
D015,Kara,Binah,Pagouda,Hôpital,Passeport,Voyage,27,33,"0,07",lundi 25 décembre 2023,Perte,Rejetée,Guichet,53,M,décembre,déce
D016,Centrale,Tchaoudjo,Sokodé,Amoutivé,Casier judiciaire,Judiciaire,127,5,"0,1",lundi 13 novembre 2023,Voyage,Traitee,Guichet,67,M,novembre,nove
D017,Maritime,Vo,Vogan,Hôpital,Passeport,Voyage,61,24,"0,04",mardi 21 février 2023,Voyage,Traitee,En ligne,30,F,février,févr
D018,Kara,Binah,Pagouda,Nyékonakpoé,Acte de naissance,Civil,167,2,"0,01",samedi 29 avril 2023,Perte,En cours,Guichet,63,M,avril,avri
D019,Centrale,Sotouboua,Sotouboua,Kodjoviakopé,Carte d'identité,Identité,38,7,"0,1",vendredi 10 novembre 2023,Vol,Traitee,Guichet,57,M,novembre,nove
D020,Maritime,Lacs,Aného,Tokoin,Acte de naissance,Civil,10,24,"0,02",mardi 12 septembre 2023,Erreur,En cours,Guichet,51,F,septembre,sept
D021,Centrale,Tchaoudjo,Sokodé,Amoutivé,Passeport,Voyage,24,4,"0,1",samedi 15 juillet 2023,Page pleine,Traitee,Guichet,77,F,juillet,juil
D022,Kara,Binah,Pagouda,Bè,Acte de naissance,Civil,61,22,"0,04",mercredi 8 mars 2023,Reconstitution,Traitee,En ligne,68,F,mars,mars
D023,Plateaux,Haho,Notsé,Adidogomé,Acte de naissance,Civil,180,35,"0,12",vendredi 28 avril 2023,Detérioré,Traitee,En ligne,58,M,avril,avri
D024,Savanes,Tône,Dapaong,Agoè,Acte de naissance,Civil,13,8,"0,11",vendredi 7 avril 2023,Perte,En cours,Guichet,21,M,avril,avri
D025,Kara,Binah,Pagouda,Amoutivé,Carte d'identité,Identité,186,20,"0,14",lundi 15 mai 2023,Expiration,Traitee,En ligne,63,M,mai,mai
D026,Plateaux,Haho,Notsé,Agoè,Certificat de nationalité,Identité,156,2,"0,05",mardi 3 octobre 2023,Concours,En cours,Guichet,86,F,octobre,octo
D027,Savanes,Tône,Dapaong,Agoè,Casier judiciaire,Judiciaire,187,29,"0,1",mardi 5 septembre 2023,Emploi,Rejetée,En ligne,71,M,septembre,sept
D028,Savanes,Tône,Dapaong,Adidogomé,Acte de naissance,Civil,139,39,"0,07",lundi 17 avril 2023,Erreur,En cours,Guichet,84,M,avril,avri
D029,Centrale,Tchaoudjo,Sokodé,Tokoin,Certificat de nationalité,Identité,164,11,"0,03",lundi 4 septembre 2023,Concours,Rejetée,Guichet,45,F,septembre,sept
D030,Plateaux,Ogou,Atakpamé,Amoutivé,Acte de naissance,Civil,117,45,"0,08",mardi 4 juillet 2023,Erreur,Rejetée,En ligne,21,F,juillet,juil
D031,Kara,Kozah,Kara,Hôpital,Passeport,Voyage,87,18,"0,01",lundi 20 mars 2023,Expiration,Rejetée,Guichet,87,F,mars,mars
D032,Centrale,Sotouboua,Sotouboua,Kwé,Passeport,Voyage,103,24,"0,14",lundi 23 octobre 2023,Expiration,En cours,Guichet,88,M,octobre,octo
D033,Centrale,Sotouboua,Sotouboua,Kwé,Casier judiciaire,Judiciaire,177,13,"0,08",dimanche 4 juin 2023,Voyage,Rejetée,Guichet,63,F,juin,juin
D034,Plateaux,Kloto,Kpalimé,Adidogomé,Passeport,Voyage,134,38,"0,14",samedi 21 octobre 2023,Page pleine,Rejetée,Guichet,43,M,octobre,octo
D035,Plateaux,Ogou,Atakpamé,Golfe,Carte d'identité,Identité,160,41,"0,09",vendredi 12 mai 2023,Perte,Traitee,En ligne,20,M,mai,mai
D036,Savanes,Tône,Dapaong,Tokoin,Passeport,Voyage,193,2,"0,05",vendredi 27 octobre 2023,Page pleine,Rejetée,En ligne,81,M,octobre,octo
D037,Maritime,Zio,Tsévié,Amoutivé,Livre de famille,Civil,58,19,"0,12",mardi 11 juillet 2023,Perte,Rejetée,En ligne,40,M,juillet,juil
D038,Maritime,Vo,Vogan,Amoutivé,Livre de famille,Civil,30,25,"0,14",vendredi 22 décembre 2023,Détérioration,En cours,En ligne,54,F,décembre,déce
D039,Savanes,Tône,Dapaong,Hedzranawoé,Passeport,Voyage,78,26,"0,04",dimanche 12 mars 2023,Page pleine,Traitee,Guichet,36,M,mars,mars
D040,Plateaux,Ogou,Atakpamé,Nyékonakpoé,Acte de naissance,Civil,57,11,"0,06",dimanche 26 février 2023,Erreur,Rejetée,En ligne,86,M,février,févr
D041,Savanes,Oti,Mango,Bè,Livre de famille,Civil,131,26,"0,06",jeudi 20 avril 2023,Perte,Rejetée,Guichet,36,M,avril,avri
D042,Maritime,Lacs,Aného,Agoè,Certificat de nationalité,Identité,111,34,"0,02",samedi 30 décembre 2023,Première demande,Traitee,En ligne,90,M,décembre,déce
D043,Maritime,Vo,Vogan,Golfe,Acte de naissance,Civil,93,21,"0,07",dimanche 19 février 2023,Erreur,Rejetée,En ligne,38,M,février,févr
D044,Maritime,Golfe,Bè,Agoè,Acte de naissance,Civil,68,34,"0,01",dimanche 20 août 2023,Detérioré,Rejetée,Guichet,56,M,août,août
D045,Savanes,Oti,Mango,Golfe,Acte de naissance,Civil,192,31,"0,12",vendredi 7 avril 2023,Erreur,Traitee,En ligne,90,F,avril,avri
D046,Centrale,Tchaoudjo,Sokodé,Hôpital,Acte de naissance,Civil,56,31,"0,15",mardi 19 septembre 2023,Erreur,Traitee,En ligne,85,F,septembre,sept
D047,Plateaux,Ogou,Atakpamé,Bè,Carte d'identité,Identité,190,36,"0,05",vendredi 20 octobre 2023,Première demande,Rejetée,En ligne,53,F,octobre,octo
D048,Plateaux,Kloto,Kpalimé,Kwé,Acte de naissance,Civil,170,5,"0,07",samedi 11 mars 2023,Perte,Rejetée,Guichet,70,M,mars,mars
D049,Centrale,Sotouboua,Sotouboua,Hôpital,Certificat de nationalité,Identité,22,21,"0,01",samedi 4 mars 2023,Perte,Traitee,En ligne,22,M,mars,mars
D050,Maritime,Lacs,Aného,Adidogomé,Casier judiciaire,Judiciaire,73,39,"0,1",lundi 30 janvier 2023,Emploi,Rejetée,En ligne,38,F,janvier,janv
D051,Maritime,Zio,Tsévié,Hôpital,Acte de naissance,Civil,118,11,"0,08",lundi 25 décembre 2023,Perte,Traitee,En ligne,24,M,décembre,déce
D052,Plateaux,Haho,Notsé,Golfe,Carte d'identité,Identité,71,3,"0,05",mardi 28 mars 2023,Vol,Rejetée,En ligne,21,M,mars,mars
D053,Savanes,Oti,Mango,Golfe,Acte de naissance,Civil,42,42,"0,04",lundi 15 mai 2023,Erreur,En cours,Guichet,21,F,mai,mai
D054,Maritime,Lacs,Aného,Tokoin,Casier judiciaire,Judiciaire,14,41,"0,01",mardi 1 août 2023,Emploi,Traitee,En ligne,69,M,août,août
D055,Kara,Binah,Pagouda,Hedzranawoé,Acte de naissance,Civil,85,19,"0,09",dimanche 18 juin 2023,Detérioré,Traitee,Guichet,52,F,juin,juin
D056,Plateaux,Haho,Notsé,Amoutivé,Acte de naissance,Civil,59,23,"0,13",lundi 17 avril 2023,Erreur,En cours,En ligne,36,M,avril,avri
D057,Plateaux,Ogou,Atakpamé,Kodjoviakopé,Carte d'identité,Identité,87,29,"0,02",jeudi 22 juin 2023,Détérioration,En cours,Guichet,24,M,juin,juin
D058,Maritime,Zio,Tsévié,Agoè,Certificat de nationalité,Identité,185,32,"0,1",jeudi 18 mai 2023,Perte,Rejetée,Guichet,81,F,mai,mai
D059,Kara,Kozah,Kara,Hedzranawoé,Carte d'identité,Identité,181,25,"0,08",mercredi 26 avril 2023,Perte,Traitee,En ligne,37,F,avril,avri
D060,Kara,Binah,Pagouda,Tokoin,Certificat de nationalité,Identité,114,42,"0,01",dimanche 10 décembre 2023,Première demande,En cours,Guichet,18,F,décembre,déce
D061,Kara,Binah,Pagouda,Bè,Carte d'identité,Identité,100,32,"0,07",samedi 20 mai 2023,Première demande,En cours,Guichet,39,F,mai,mai
D062,Savanes,Tône,Dapaong,Hedzranawoé,Certificat de nationalité,Identité,191,44,"0,15",mardi 16 mai 2023,Première demande,Rejetée,Guichet,40,F,mai,mai
D063,Maritime,Vo,Vogan,Golfe,Acte de naissance,Civil,129,7,"0,05",vendredi 21 juillet 2023,Perte,Traitee,Guichet,51,F,juillet,juil
D064,Maritime,Zio,Tsévié,Hedzranawoé,Passeport,Voyage,146,7,"0,13",dimanche 19 novembre 2023,Expiration,Traitee,Guichet,65,M,novembre,nove
D065,Maritime,Lacs,Aného,Adidogomé,Passeport,Voyage,194,30,"0,03",samedi 29 juillet 2023,Page pleine,Traitee,En ligne,62,F,juillet,juil
D066,Maritime,Zio,Tsévié,Agoè,Carte d'identité,Identité,104,29,"0,07",lundi 27 novembre 2023,Détérioration,Rejetée,Guichet,73,M,novembre,nove
D067,Plateaux,Kloto,Kpalimé,Kodjoviakopé,Certificat de nationalité,Identité,51,4,"0,12",dimanche 26 mars 2023,Perte,Traitee,Guichet,67,F,mars,mars
D068,Maritime,Lacs,Aného,Golfe,Passeport,Voyage,163,36,"0,01",mardi 4 juillet 2023,Perte,Rejetée,Guichet,88,M,juillet,juil
D069,Savanes,Tône,Dapaong,Kwé,Livre de famille,Civil,113,17,"0,13",dimanche 30 avril 2023,Perte,En cours,En ligne,33,F,avril,avri
D070,Centrale,Tchaoudjo,Sokodé,Hedzranawoé,Acte de naissance,Civil,142,13,"0,03",jeudi 19 janvier 2023,Perte,Rejetée,Guichet,50,M,janvier,janv
D071,Plateaux,Haho,Notsé,Hôpital,Acte de naissance,Civil,177,9,0,jeudi 27 juillet 2023,Perte,Traitee,Guichet,84,M,juillet,juil
D072,Savanes,Oti,Mango,Hedzranawoé,Passeport,Voyage,18,25,"0,13",samedi 11 novembre 2023,Voyage,En cours,En ligne,69,M,novembre,nove
D073,Kara,Binah,Pagouda,Agoè,Livre de famille,Civil,125,19,"0,07",dimanche 4 juin 2023,Perte,Rejetée,En ligne,67,M,juin,juin
D074,Plateaux,Kloto,Kpalimé,Amoutivé,Casier judiciaire,Judiciaire,145,37,"0,15",mercredi 29 mars 2023,Concours,Traitee,Guichet,49,F,mars,mars
D075,Kara,Binah,Pagouda,Adidogomé,Certificat de nationalité,Identité,55,34,0,jeudi 18 mai 2023,Première demande,Rejetée,En ligne,60,M,mai,mai
D076,Maritime,Zio,Tsévié,Kwé,Carte d'identité,Identité,43,29,"0,04",vendredi 7 avril 2023,Vol,En cours,En ligne,66,M,avril,avri
D077,Centrale,Tchaoudjo,Sokodé,Hedzranawoé,Casier judiciaire,Judiciaire,136,19,"0,03",jeudi 29 juin 2023,Emploi,En cours,En ligne,63,M,juin,juin
D078,Maritime,Vo,Vogan,Kwé,Certificat de nationalité,Identité,178,24,"0,14",jeudi 2 mars 2023,Première demande,Rejetée,En ligne,19,M,mars,mars
D079,Savanes,Oti,Mango,Agoè,Casier judiciaire,Judiciaire,179,25,"0,01",mardi 26 septembre 2023,Emploi,En cours,Guichet,30,M,septembre,sept
D080,Maritime,Lacs,Aného,Hôpital,Certificat de nationalité,Identité,29,22,"0,14",samedi 17 juin 2023,Première demande,Traitee,Guichet,90,M,juin,juin
D081,Kara,Binah,Pagouda,Kodjoviakopé,Livre de famille,Civil,38,13,"0,05",jeudi 10 août 2023,Perte,Rejetée,Guichet,81,M,août,août
D082,Plateaux,Haho,Notsé,Kodjoviakopé,Passeport,Voyage,22,26,"0,07",lundi 11 décembre 2023,Page pleine,En cours,Guichet,79,F,décembre,déce
D083,Maritime,Vo,Vogan,Golfe,Livre de famille,Civil,69,32,"0,09",vendredi 13 octobre 2023,Détérioration,Rejetée,Guichet,72,M,octobre,octo
D084,Maritime,Lacs,Aného,Golfe,Carte d'identité,Identité,119,44,"0,11",dimanche 26 novembre 2023,Première demande,Traitee,Guichet,61,F,novembre,nove
D085,Savanes,Oti,Mango,Nyékonakpoé,Acte de naissance,Civil,149,4,"0,1",jeudi 20 juillet 2023,Erreur,En cours,Guichet,72,F,juillet,juil
D086,Plateaux,Kloto,Kpalimé,Amoutivé,Acte de naissance,Civil,33,3,"0,12",mardi 14 novembre 2023,Perte,En cours,En ligne,61,F,novembre,nove
D087,Plateaux,Haho,Notsé,Amoutivé,Livre de famille,Civil,171,26,"0,05",dimanche 1 janvier 2023,Détérioration,Traitee,En ligne,88,M,janvier,janv
D088,Maritime,Zio,Tsévié,Hôpital,Certificat de nationalité,Identité,145,37,"0,08",dimanche 21 mai 2023,Concours,En cours,Guichet,86,M,mai,mai
D089,Savanes,Tône,Dapaong,Tokoin,Certificat de nationalité,Identité,21,26,"0,06",dimanche 10 décembre 2023,Perte,Rejetée,Guichet,31,M,décembre,déce
D090,Kara,Kozah,Kara,Tokoin,Carte d'identité,Identité,143,13,"0,11",mardi 28 mars 2023,Vol,En cours,En ligne,30,F,mars,mars
D091,Plateaux,Ogou,Atakpamé,Golfe,Certificat de nationalité,Identité,79,44,"0,11",mercredi 20 septembre 2023,Concours,Traitee,En ligne,38,F,septembre,sept
D092,Kara,Kozah,Kara,Hôpital,Livre de famille,Civil,195,37,"0,1",mardi 12 septembre 2023,Détérioration,Rejetée,En ligne,64,M,septembre,sept
D093,Savanes,Oti,Mango,Amoutivé,Livre de famille,Civil,110,4,"0,01",mardi 30 mai 2023,Détérioration,Rejetée,Guichet,70,F,mai,mai
D094,Kara,Kozah,Kara,Hôpital,Acte de naissance,Civil,81,27,"0,05",lundi 30 janvier 2023,Erreur,Traitee,Guichet,53,M,janvier,janv
D095,Centrale,Sotouboua,Sotouboua,Kwé,Acte de naissance,Civil,165,11,"0,09",samedi 17 juin 2023,Perte,Rejetée,Guichet,30,F,juin,juin
D096,Centrale,Sotouboua,Sotouboua,Kwé,Certificat de nationalité,Identité,63,4,"0,09",mardi 10 octobre 2023,Concours,Traitee,Guichet,54,M,octobre,octo
D097,Centrale,Sotouboua,Sotouboua,Amoutivé,Casier judiciaire,Judiciaire,150,3,"0,1",mardi 30 mai 2023,Emploi,En cours,En ligne,67,M,mai,mai
D098,Kara,Kozah,Kara,Hôpital,Carte d'identité,Identité,30,17,"0,12",samedi 28 octobre 2023,Première demande,En cours,Guichet,68,F,octobre,octo
D099,Plateaux,Kloto,Kpalimé,Agoè,Acte de naissance,Civil,196,33,"0,1",lundi 20 novembre 2023,Erreur,Rejetée,Guichet,36,M,novembre,nove
D100,Kara,Kozah,Kara,Tokoin,Certificat de nationalité,Identité,105,30,"0,02",dimanche 9 avril 2023,Perte,Rejetée,Guichet,69,F,avril,avri
D101,Plateaux,Ogou,Atakpamé,Hôpital,Certificat de nationalité,Identité,101,32,"0,11",samedi 29 juillet 2023,Perte,En cours,Guichet,59,M,juillet,juil
D102,Maritime,Golfe,Lomé,Bè,Acte de naissance,Civil,61,8,"0,11",mercredi 4 octobre 2023,Reconstitution,Rejetée,En ligne,39,M,octobre,octo
D103,Centrale,Sotouboua,Sotouboua,Bè,Acte de naissance,Civil,18,22,"0,11",dimanche 27 août 2023,Perte,En cours,Guichet,21,F,août,août
D104,Centrale,Sotouboua,Sotouboua,Hedzranawoé,Acte de naissance,Civil,43,22,"0,04",mardi 7 février 2023,Perte,Rejetée,Guichet,55,F,février,févr
D105,Maritime,Vo,Vogan,Nyékonakpoé,Carte d'identité,Identité,177,8,"0,05",dimanche 15 octobre 2023,Première demande,Rejetée,En ligne,47,F,octobre,octo
D106,Kara,Kozah,Kara,Bè,Casier judiciaire,Judiciaire,18,40,"0,11",mercredi 19 juillet 2023,Emploi,En cours,En ligne,26,M,juillet,juil
D107,Centrale,Tchaoudjo,Sokodé,Adidogomé,Acte de naissance,Civil,44,41,0,vendredi 24 mars 2023,Detérioré,Traitee,Guichet,65,M,mars,mars
D108,Savanes,Oti,Mango,Tokoin,Carte d'identité,Identité,153,29,"0,04",mardi 7 novembre 2023,Détérioration,Traitee,En ligne,79,F,novembre,nove
D109,Plateaux,Haho,Notsé,Amoutivé,Carte d'identité,Identité,179,12,"0,13",vendredi 3 février 2023,Vol,Traitee,En ligne,35,M,février,févr
D110,Kara,Kozah,Kara,Tokoin,Passeport,Voyage,174,26,"0,03",mercredi 22 novembre 2023,Perte,Traitee,Guichet,90,M,novembre,nove
D111,Savanes,Tône,Dapaong,Bè,Passeport,Voyage,118,31,"0,03",mardi 4 juillet 2023,Perte,En cours,Guichet,58,M,juillet,juil
D112,Centrale,Tchaoudjo,Sokodé,Bè,Passeport,Voyage,14,42,"0,14",mardi 31 octobre 2023,Expiration,En cours,Guichet,24,M,octobre,octo
D113,Centrale,Tchaoudjo,Sokodé,Agoè,Certificat de nationalité,Identité,23,39,"0,05",jeudi 22 juin 2023,Perte,En cours,Guichet,72,M,juin,juin
D114,Centrale,Tchaoudjo,Sokodé,Golfe,Casier judiciaire,Judiciaire,104,16,"0,02",lundi 4 septembre 2023,Concours,Rejetée,Guichet,78,M,septembre,sept
D115,Plateaux,Kloto,Kpalimé,Golfe,Casier judiciaire,Judiciaire,43,37,"0,02",mardi 15 août 2023,Voyage,En cours,En ligne,37,M,août,août
D116,Maritime,Lacs,Aného,Tokoin,Acte de naissance,Civil,66,6,"0,09",jeudi 1 juin 2023,Perte,Rejetée,En ligne,53,F,juin,juin
D117,Savanes,Tône,Dapaong,Kwé,Casier judiciaire,Judiciaire,111,34,"0,07",jeudi 6 juillet 2023,Concours,Rejetée,Guichet,59,F,juillet,juil
D118,Kara,Kozah,Kara,Kwé,Passeport,Voyage,69,8,"0,06",samedi 11 mars 2023,Voyage,En cours,Guichet,32,M,mars,mars
D119,Centrale,Sotouboua,Sotouboua,Hôpital,Livre de famille,Civil,18,23,"0,01",mercredi 4 octobre 2023,Nouveau mariage,Traitee,Guichet,81,M,octobre,octo
D120,Kara,Kozah,Kara,Agoè,Passeport,Voyage,109,14,"0,01",mardi 29 août 2023,Perte,Rejetée,En ligne,19,M,août,août
D121,Centrale,Tchaoudjo,Sokodé,Amoutivé,Casier judiciaire,Judiciaire,167,42,"0,05",samedi 17 juin 2023,Concours,En cours,En ligne,43,F,juin,juin
D122,Savanes,Oti,Mango,Kodjoviakopé,Certificat de nationalité,Identité,195,29,"0,03",samedi 3 juin 2023,Perte,Rejetée,En ligne,57,M,juin,juin
D123,Kara,Kozah,Kara,Nyékonakpoé,Certificat de nationalité,Identité,129,8,0,vendredi 3 mars 2023,Première demande,En cours,Guichet,28,M,mars,mars
D124,Plateaux,Kloto,Kpalimé,Golfe,Acte de naissance,Civil,199,22,0,lundi 7 août 2023,Detérioré,Rejetée,En ligne,72,F,août,août
D125,Plateaux,Kloto,Kpalimé,Golfe,Certificat de nationalité,Identité,197,11,"0,07",vendredi 14 juillet 2023,Perte,Traitee,En ligne,44,M,juillet,juil
D126,Kara,Kozah,Kara,Kwé,Certificat de nationalité,Identité,106,19,"0,06",samedi 18 novembre 2023,Première demande,Traitee,Guichet,66,M,novembre,nove
D127,Plateaux,Kloto,Kpalimé,Golfe,Passeport,Voyage,62,22,"0,11",jeudi 20 avril 2023,Perte,Traitee,En ligne,48,M,avril,avri
D128,Maritime,Vo,Vogan,Adidogomé,Livre de famille,Civil,180,19,"0,01",vendredi 1 septembre 2023,Perte,Rejetée,En ligne,26,M,septembre,sept
D129,Maritime,Vo,Vogan,Hedzranawoé,Certificat de nationalité,Identité,165,33,"0,02",samedi 25 février 2023,Perte,En cours,En ligne,25,M,février,févr
D130,Maritime,Golfe,Adidogomé,Adidogomé,Livre de famille,Civil,51,5,"0,08",samedi 7 octobre 2023,Perte,En cours,En ligne,24,F,octobre,octo
D131,Centrale,Sotouboua,Sotouboua,Adidogomé,Carte d'identité,Identité,155,27,"0,06",vendredi 7 juillet 2023,Première demande,Rejetée,En ligne,84,F,juillet,juil
D132,Centrale,Tchaoudjo,Sokodé,Adidogomé,Certificat de nationalité,Identité,116,1,"0,13",jeudi 24 août 2023,Perte,Traitee,En ligne,23,F,août,août
D133,Maritime,Golfe,Adidogomé,Tokoin,Acte de naissance,Civil,30,21,"0,13",mercredi 26 avril 2023,Reconstitution,Rejetée,Guichet,19,M,avril,avri
D134,Kara,Kozah,Kara,Amoutivé,Livre de famille,Civil,94,10,"0,02",mercredi 1 mars 2023,Perte,Traitee,Guichet,80,F,mars,mars
D135,Plateaux,Kloto,Kpalimé,Agoè,Passeport,Voyage,113,10,"0,04",lundi 8 mai 2023,Page pleine,Traitee,En ligne,83,F,mai,mai
D136,Kara,Kozah,Kara,Hôpital,Certificat de nationalité,Identité,128,1,0,dimanche 5 mars 2023,Perte,Rejetée,En ligne,22,M,mars,mars
D137,Maritime,Vo,Vogan,Kodjoviakopé,Carte d'identité,Identité,189,3,"0,03",jeudi 20 juillet 2023,Vol,Traitee,En ligne,55,F,juillet,juil
D138,Savanes,Oti,Mango,Amoutivé,Certificat de nationalité,Identité,171,20,"0,13",mercredi 13 décembre 2023,Perte,En cours,Guichet,50,M,décembre,déce
D139,Savanes,Tône,Dapaong,Tokoin,Carte d'identité,Identité,150,12,"0,06",samedi 18 mars 2023,Détérioration,Traitee,Guichet,56,F,mars,mars
D140,Plateaux,Haho,Notsé,Hôpital,Livre de famille,Civil,91,35,"0,1",jeudi 3 août 2023,Détérioration,En cours,Guichet,60,M,août,août
D141,Savanes,Tône,Dapaong,Kodjoviakopé,Passeport,Voyage,183,10,"0,09",dimanche 9 avril 2023,Page pleine,Traitee,Guichet,69,F,avril,avri
D142,Plateaux,Haho,Notsé,Adidogomé,Certificat de nationalité,Identité,50,21,"0,12",jeudi 28 septembre 2023,Première demande,En cours,Guichet,36,F,septembre,sept
D143,Plateaux,Haho,Notsé,Hôpital,Acte de naissance,Civil,24,15,"0,09",mardi 24 janvier 2023,Erreur,Traitee,Guichet,36,F,janvier,janv
D144,Maritime,Golfe,Lomé,Adidogomé,Carte d'identité,Identité,177,32,"0,06",mercredi 1 février 2023,Vol,En cours,En ligne,40,F,février,févr
D145,Savanes,Tône,Dapaong,Adidogomé,Passeport,Voyage,68,14,"0,15",lundi 30 janvier 2023,Expiration,En cours,En ligne,90,F,janvier,janv
D146,Maritime,Golfe,Adidogomé,Hedzranawoé,Passeport,Voyage,190,34,"0,03",mardi 7 février 2023,Expiration,En cours,En ligne,49,M,février,févr
D147,Savanes,Tône,Dapaong,Hôpital,Livre de famille,Civil,98,33,"0,08",lundi 31 juillet 2023,Détérioration,Traitee,Guichet,70,M,juillet,juil
D148,Savanes,Oti,Mango,Agoè,Livre de famille,Civil,199,37,"0,14",mardi 10 janvier 2023,Détérioration,En cours,En ligne,88,M,janvier,janv
D149,Plateaux,Haho,Notsé,Hôpital,Acte de naissance,Civil,100,31,"0,11",jeudi 5 janvier 2023,Reconstitution,En cours,Guichet,26,F,janvier,janv
D150,Plateaux,Ogou,Atakpamé,Kwé,Certificat de nationalité,Identité,156,31,"0,09",mardi 2 mai 2023,Première demande,Rejetée,En ligne,27,M,mai,mai
D151,Kara,Binah,Pagouda,Hôpital,Livre de famille,Civil,121,43,"0,13",mercredi 19 juillet 2023,Détérioration,Traitee,Guichet,71,F,juillet,juil
D152,Centrale,Sotouboua,Sotouboua,Agoè,Carte d'identité,Identité,128,40,"0,05",mardi 18 juillet 2023,Expiration,Rejetée,Guichet,38,M,juillet,juil
D153,Centrale,Tchaoudjo,Sokodé,Hôpital,Certificat de nationalité,Identité,56,21,"0,11",mercredi 25 janvier 2023,Concours,En cours,Guichet,24,M,janvier,janv
D154,Centrale,Sotouboua,Sotouboua,Nyékonakpoé,Certificat de nationalité,Identité,128,15,"0,01",mercredi 7 juin 2023,Première demande,Traitee,Guichet,43,F,juin,juin
D155,Kara,Kozah,Kara,Hôpital,Acte de naissance,Civil,142,19,"0,01",jeudi 8 juin 2023,Detérioré,Rejetée,Guichet,66,M,juin,juin
D156,Kara,Kozah,Kara,Amoutivé,Casier judiciaire,Judiciaire,91,35,"0,03",samedi 30 décembre 2023,Voyage,En cours,En ligne,61,F,décembre,déce
D157,Savanes,Oti,Mango,Bè,Passeport,Voyage,23,22,"0,11",dimanche 9 avril 2023,Expiration,En cours,En ligne,28,M,avril,avri
D158,Savanes,Oti,Mango,Nyékonakpoé,Certificat de nationalité,Identité,65,8,"0,01",samedi 1 avril 2023,Concours,Rejetée,En ligne,39,M,avril,avri
D159,Plateaux,Kloto,Kpalimé,Amoutivé,Certificat de nationalité,Identité,153,44,"0,02",lundi 29 mai 2023,Perte,Traitee,Guichet,53,M,mai,mai
D160,Kara,Kozah,Kara,Bè,Acte de naissance,Civil,33,21,"0,13",lundi 6 novembre 2023,Erreur,En cours,Guichet,23,F,novembre,nove
D161,Plateaux,Ogou,Atakpamé,Kwé,Certificat de nationalité,Identité,126,15,"0,08",vendredi 21 juillet 2023,Première demande,Traitee,En ligne,24,F,juillet,juil
D162,Plateaux,Ogou,Atakpamé,Bè,Acte de naissance,Civil,155,39,"0,04",jeudi 16 février 2023,Reconstitution,Rejetée,En ligne,80,F,février,févr
D163,Savanes,Oti,Mango,Kwé,Certificat de nationalité,Identité,135,45,"0,14",dimanche 31 décembre 2023,Première demande,Rejetée,Guichet,20,F,décembre,déce
D164,Centrale,Tchaoudjo,Sokodé,Agoè,Passeport,Voyage,40,41,"0,08",mercredi 14 juin 2023,Page pleine,Traitee,Guichet,72,F,juin,juin
D165,Maritime,Lacs,Aného,Hedzranawoé,Casier judiciaire,Judiciaire,44,40,"0,13",mardi 4 juillet 2023,Voyage,Rejetée,Guichet,77,F,juillet,juil
D166,Centrale,Sotouboua,Sotouboua,Adidogomé,Passeport,Voyage,15,31,"0,08",mardi 16 mai 2023,Perte,Rejetée,En ligne,70,M,mai,mai
D167,Savanes,Tône,Dapaong,Agoè,Livre de famille,Civil,183,43,"0,02",dimanche 24 septembre 2023,Perte,Rejetée,Guichet,79,F,septembre,sept
D168,Kara,Binah,Pagouda,Kwé,Carte d'identité,Identité,33,10,"0,1",samedi 30 septembre 2023,Perte,En cours,Guichet,49,F,septembre,sept
D169,Maritime,Vo,Vogan,Golfe,Certificat de nationalité,Identité,102,19,"0,04",mardi 3 janvier 2023,Première demande,Traitee,En ligne,45,F,janvier,janv
D170,Centrale,Tchaoudjo,Sokodé,Tokoin,Livre de famille,Civil,186,8,"0,04",jeudi 17 août 2023,Détérioration,Traitee,Guichet,29,F,août,août
D171,Kara,Kozah,Kara,Tokoin,Passeport,Voyage,24,8,"0,1",vendredi 29 décembre 2023,Perte,Rejetée,Guichet,25,F,décembre,déce
D172,Kara,Binah,Pagouda,Bè,Certificat de nationalité,Identité,144,3,"0,13",mardi 10 octobre 2023,Première demande,Rejetée,En ligne,67,F,octobre,octo
D173,Savanes,Oti,Mango,Hedzranawoé,Passeport,Voyage,83,14,"0,05",samedi 9 septembre 2023,Expiration,Rejetée,En ligne,88,F,septembre,sept
D174,Plateaux,Kloto,Kpalimé,Kwé,Casier judiciaire,Judiciaire,37,16,"0,03",lundi 22 mai 2023,Voyage,En cours,Guichet,63,M,mai,mai
D175,Savanes,Oti,Mango,Tokoin,Acte de naissance,Civil,39,9,"0,11",lundi 19 juin 2023,Erreur,Traitee,Guichet,34,M,juin,juin
D176,Maritime,Golfe,Bè,Agoè,Livre de famille,Civil,191,2,"0,08",lundi 11 décembre 2023,Détérioration,En cours,Guichet,62,M,décembre,déce
D177,Maritime,Lacs,Aného,Golfe,Passeport,Voyage,105,21,0,dimanche 22 octobre 2023,Perte,Rejetée,Guichet,71,F,octobre,octo
D178,Maritime,Zio,Tsévié,Agoè,Acte de naissance,Civil,48,26,"0,15",vendredi 13 octobre 2023,Erreur,Traitee,Guichet,20,M,octobre,octo
D179,Kara,Binah,Pagouda,Hôpital,Certificat de nationalité,Identité,31,36,"0,03",jeudi 12 octobre 2023,Première demande,Traitee,En ligne,46,M,octobre,octo
D180,Kara,Binah,Pagouda,Nyékonakpoé,Carte d'identité,Identité,52,10,"0,02",samedi 3 juin 2023,Vol,En cours,En ligne,74,M,juin,juin
D181,Plateaux,Ogou,Atakpamé,Bè,Livre de famille,Civil,150,17,"0,06",jeudi 21 décembre 2023,Détérioration,Rejetée,En ligne,58,F,décembre,déce
D182,Kara,Kozah,Kara,Hedzranawoé,Livre de famille,Civil,32,17,0,samedi 9 septembre 2023,Perte,En cours,En ligne,51,M,septembre,sept
D183,Savanes,Tône,Dapaong,Kwé,Passeport,Voyage,180,23,0,vendredi 14 avril 2023,Voyage,Rejetée,En ligne,53,M,avril,avri
D184,Savanes,Oti,Mango,Kodjoviakopé,Acte de naissance,Civil,22,14,"0,09",mardi 11 juillet 2023,Perte,En cours,Guichet,35,F,juillet,juil
D185,Kara,Binah,Pagouda,Nyékonakpoé,Carte d'identité,Identité,113,21,"0,06",dimanche 7 mai 2023,Vol,Rejetée,En ligne,65,M,mai,mai
D186,Centrale,Tchaoudjo,Sokodé,Tokoin,Acte de naissance,Civil,200,7,"0,14",jeudi 3 août 2023,Perte,Rejetée,Guichet,81,M,août,août
D187,Savanes,Oti,Mango,Hôpital,Passeport,Voyage,124,35,"0,09",samedi 7 octobre 2023,Perte,Traitee,Guichet,40,M,octobre,octo
D188,Maritime,Vo,Vogan,Bè,Passeport,Voyage,55,16,"0,13",dimanche 7 mai 2023,Voyage,En cours,En ligne,27,M,mai,mai
D189,Plateaux,Kloto,Kpalimé,Bè,Passeport,Voyage,183,3,"0,04",dimanche 7 mai 2023,Page pleine,En cours,En ligne,85,F,mai,mai
D190,Centrale,Tchaoudjo,Sokodé,Tokoin,Acte de naissance,Civil,26,42,"0,1",samedi 1 juillet 2023,Detérioré,Traitee,Guichet,90,F,juillet,juil
D191,Centrale,Sotouboua,Sotouboua,Amoutivé,Livre de famille,Civil,27,15,"0,06",vendredi 22 septembre 2023,Perte,En cours,En ligne,51,M,septembre,sept
D192,Maritime,Vo,Vogan,Kodjoviakopé,Certificat de nationalité,Identité,10,17,"0,13",mercredi 4 janvier 2023,Perte,En cours,En ligne,47,M,janvier,janv
D193,Centrale,Sotouboua,Sotouboua,Nyékonakpoé,Carte d'identité,Identité,31,29,"0,12",lundi 11 septembre 2023,Première demande,Rejetée,En ligne,21,F,septembre,sept
D194,Kara,Binah,Pagouda,Hedzranawoé,Certificat de nationalité,Identité,161,42,"0,12",mardi 16 mai 2023,Concours,Rejetée,En ligne,47,M,mai,mai
D195,Centrale,Sotouboua,Sotouboua,Kwé,Passeport,Voyage,200,35,"0,09",mercredi 22 février 2023,Page pleine,Rejetée,En ligne,51,M,février,févr
D196,Centrale,Tchaoudjo,Sokodé,Kodjoviakopé,Passeport,Voyage,158,25,"0,08",mercredi 5 avril 2023,Perte,Rejetée,Guichet,56,F,avril,avri
D197,Kara,Binah,Pagouda,Nyékonakpoé,Acte de naissance,Civil,195,13,"0,12",jeudi 4 mai 2023,Erreur,En cours,Guichet,74,F,mai,mai
D198,Plateaux,Ogou,Atakpamé,Nyékonakpoé,Certificat de nationalité,Identité,193,25,"0,14",vendredi 25 août 2023,Perte,Traitee,Guichet,74,F,août,août
D199,Maritime,Zio,Tsévié,Bè,Acte de naissance,Civil,98,9,"0,05",jeudi 9 novembre 2023,Reconstitution,Rejetée,En ligne,39,F,novembre,nove
D200,Maritime,Golfe,Bè,Bè,Acte de naissance,Civil,35,30,"0,13",samedi 19 août 2023,Erreur,En cours,Guichet,58,M,août,août
D201,Savanes,Tône,Dapaong,Kwé,Passeport,Voyage,152,33,"0,15",dimanche 29 octobre 2023,Expiration,Rejetée,Guichet,47,M,octobre,octo
D202,Savanes,Tône,Dapaong,Golfe,Casier judiciaire,Judiciaire,59,26,"0,11",dimanche 11 juin 2023,Voyage,En cours,Guichet,44,M,juin,juin
D203,Kara,Kozah,Kara,Nyékonakpoé,Acte de naissance,Civil,101,1,"0,05",mardi 15 août 2023,Erreur,Rejetée,En ligne,79,F,août,août
D204,Savanes,Tône,Dapaong,Golfe,Certificat de nationalité,Identité,117,10,"0,05",vendredi 16 juin 2023,Perte,Traitee,Guichet,83,M,juin,juin
D205,Plateaux,Kloto,Kpalimé,Hedzranawoé,Casier judiciaire,Judiciaire,172,26,"0,1",samedi 9 décembre 2023,Concours,Rejetée,En ligne,58,M,décembre,déce
D206,Savanes,Oti,Mango,Tokoin,Acte de naissance,Civil,29,18,"0,05",mardi 14 février 2023,Reconstitution,Traitee,Guichet,56,M,février,févr
D207,Maritime,Golfe,Lomé,Bè,Acte de naissance,Civil,93,8,"0,12",jeudi 2 mars 2023,Detérioré,En cours,En ligne,31,M,mars,mars
D208,Centrale,Tchaoudjo,Sokodé,Kodjoviakopé,Certificat de nationalité,Identité,160,30,"0,1",vendredi 27 janvier 2023,Première demande,Rejetée,Guichet,69,F,janvier,janv
D209,Centrale,Tchaoudjo,Sokodé,Adidogomé,Passeport,Voyage,127,29,"0,13",mardi 17 octobre 2023,Page pleine,Rejetée,En ligne,18,F,octobre,octo
D210,Kara,Kozah,Kara,Kwé,Livre de famille,Civil,79,39,"0,07",jeudi 7 septembre 2023,Perte,Rejetée,Guichet,27,M,septembre,sept
D211,Maritime,Golfe,Lomé,Kodjoviakopé,Livre de famille,Civil,159,29,"0,05",mardi 23 mai 2023,Perte,Rejetée,En ligne,51,F,mai,mai
D212,Kara,Kozah,Kara,Golfe,Passeport,Voyage,23,24,"0,13",jeudi 4 mai 2023,Perte,Rejetée,Guichet,39,F,mai,mai
D213,Maritime,Lacs,Aného,Nyékonakpoé,Casier judiciaire,Judiciaire,28,13,"0,11",samedi 22 juillet 2023,Concours,En cours,En ligne,74,F,juillet,juil
D214,Plateaux,Kloto,Kpalimé,Hôpital,Acte de naissance,Civil,77,29,"0,07",dimanche 16 juillet 2023,Detérioré,En cours,En ligne,72,M,juillet,juil
D215,Centrale,Tchaoudjo,Sokodé,Tokoin,Carte d'identité,Identité,187,14,"0,12",lundi 6 mars 2023,Détérioration,Rejetée,En ligne,49,F,mars,mars
D216,Plateaux,Kloto,Kpalimé,Bè,Carte d'identité,Identité,170,19,"0,01",mardi 28 février 2023,Perte,Traitee,Guichet,51,M,février,févr
D217,Kara,Binah,Pagouda,Adidogomé,Certificat de nationalité,Identité,158,17,"0,04",lundi 6 novembre 2023,Concours,En cours,En ligne,71,F,novembre,nove
D218,Centrale,Tchaoudjo,Sokodé,Golfe,Casier judiciaire,Judiciaire,165,39,"0,05",lundi 21 août 2023,Voyage,En cours,En ligne,81,F,août,août
D219,Kara,Kozah,Kara,Nyékonakpoé,Livre de famille,Civil,30,25,"0,05",mercredi 1 novembre 2023,Perte,En cours,Guichet,70,M,novembre,nove
D220,Maritime,Golfe,Adidogomé,Kodjoviakopé,Livre de famille,Civil,147,3,"0,03",lundi 9 janvier 2023,Perte,Rejetée,Guichet,47,M,janvier,janv
D221,Kara,Binah,Pagouda,Amoutivé,Livre de famille,Civil,177,26,"0,14",jeudi 2 février 2023,Perte,En cours,Guichet,26,F,février,févr
D222,Maritime,Vo,Vogan,Nyékonakpoé,Livre de famille,Civil,90,27,"0,12",mardi 11 juillet 2023,Nouveau mariage,Traitee,Guichet,21,F,juillet,juil
D223,Plateaux,Kloto,Kpalimé,Nyékonakpoé,Acte de naissance,Civil,36,33,"0,05",samedi 10 juin 2023,Reconstitution,Rejetée,En ligne,20,M,juin,juin
D224,Maritime,Zio,Tsévié,Tokoin,Carte d'identité,Identité,19,17,"0,07",lundi 23 janvier 2023,Perte,Rejetée,En ligne,23,F,janvier,janv
D225,Centrale,Tchaoudjo,Sokodé,Agoè,Acte de naissance,Civil,96,19,"0,06",vendredi 24 mars 2023,Perte,En cours,En ligne,57,F,mars,mars
D226,Savanes,Oti,Mango,Hôpital,Casier judiciaire,Judiciaire,99,15,"0,08",dimanche 21 mai 2023,Emploi,En cours,En ligne,27,F,mai,mai
D227,Plateaux,Haho,Notsé,Hôpital,Livre de famille,Civil,156,38,"0,12",vendredi 13 octobre 2023,Détérioration,En cours,En ligne,58,M,octobre,octo
D228,Maritime,Zio,Tsévié,Bè,Casier judiciaire,Judiciaire,20,2,"0,01",jeudi 2 novembre 2023,Concours,Rejetée,En ligne,53,F,novembre,nove
D229,Maritime,Vo,Vogan,Tokoin,Livre de famille,Civil,56,22,"0,06",lundi 24 juillet 2023,Perte,Traitee,Guichet,45,F,juillet,juil
D230,Plateaux,Haho,Notsé,Kodjoviakopé,Casier judiciaire,Judiciaire,39,26,"0,12",samedi 25 mars 2023,Voyage,Rejetée,Guichet,46,M,mars,mars
D231,Kara,Kozah,Kara,Hedzranawoé,Acte de naissance,Civil,172,33,"0,12",mercredi 12 juillet 2023,Perte,En cours,En ligne,42,M,juillet,juil
D232,Plateaux,Kloto,Kpalimé,Bè,Livre de famille,Civil,25,44,"0,03",dimanche 19 novembre 2023,Perte,Traitee,En ligne,85,F,novembre,nove
D233,Kara,Binah,Pagouda,Kwé,Acte de naissance,Civil,90,39,"0,02",jeudi 2 mars 2023,Reconstitution,En cours,En ligne,89,F,mars,mars
D234,Kara,Kozah,Kara,Nyékonakpoé,Casier judiciaire,Judiciaire,105,35,"0,12",vendredi 29 décembre 2023,Concours,En cours,En ligne,74,F,décembre,déce
D235,Maritime,Golfe,Adidogomé,Kwé,Acte de naissance,Civil,97,10,"0,05",jeudi 9 novembre 2023,Perte,Rejetée,En ligne,21,M,novembre,nove
D236,Centrale,Sotouboua,Sotouboua,Nyékonakpoé,Passeport,Voyage,177,14,"0,04",mercredi 27 septembre 2023,Page pleine,Rejetée,Guichet,56,F,septembre,sept
D237,Savanes,Oti,Mango,Hedzranawoé,Carte d'identité,Identité,82,41,0,dimanche 12 novembre 2023,Vol,Rejetée,En ligne,35,F,novembre,nove
D238,Centrale,Tchaoudjo,Sokodé,Agoè,Livre de famille,Civil,110,15,"0,02",mercredi 1 novembre 2023,Détérioration,En cours,Guichet,39,M,novembre,nove
D239,Kara,Kozah,Kara,Kodjoviakopé,Passeport,Voyage,192,17,"0,01",vendredi 16 juin 2023,Perte,En cours,Guichet,34,F,juin,juin
D240,Centrale,Tchaoudjo,Sokodé,Kwé,Acte de naissance,Civil,95,26,"0,06",dimanche 25 juin 2023,Detérioré,Traitee,En ligne,60,F,juin,juin
D241,Plateaux,Ogou,Atakpamé,Tokoin,Carte d'identité,Identité,179,31,"0,12",vendredi 16 juin 2023,Perte,Rejetée,En ligne,48,F,juin,juin
D242,Kara,Binah,Pagouda,Kwé,Livre de famille,Civil,146,43,0,vendredi 7 juillet 2023,Perte,Traitee,Guichet,71,M,juillet,juil
D243,Centrale,Tchaoudjo,Sokodé,Kwé,Casier judiciaire,Judiciaire,52,14,"0,15",samedi 30 septembre 2023,Emploi,Rejetée,En ligne,71,M,septembre,sept
D244,Maritime,Zio,Tsévié,Kodjoviakopé,Carte d'identité,Identité,154,24,"0,02",samedi 28 octobre 2023,Vol,Rejetée,Guichet,83,F,octobre,octo
D245,Savanes,Oti,Mango,Amoutivé,Certificat de nationalité,Identité,69,42,"0,05",mardi 14 février 2023,Première demande,En cours,Guichet,38,F,février,févr
D246,Savanes,Tône,Dapaong,Agoè,Livre de famille,Civil,155,16,"0,01",dimanche 9 juillet 2023,Perte,En cours,En ligne,40,M,juillet,juil
D247,Maritime,Zio,Tsévié,Kwé,Carte d'identité,Identité,195,4,"0,04",mercredi 6 septembre 2023,Détérioration,Rejetée,Guichet,77,M,septembre,sept
D248,Centrale,Sotouboua,Sotouboua,Agoè,Acte de naissance,Civil,192,39,"0,04",jeudi 3 août 2023,Reconstitution,En cours,Guichet,70,M,août,août
D249,Plateaux,Kloto,Kpalimé,Kodjoviakopé,Acte de naissance,Civil,97,11,"0,05",samedi 16 septembre 2023,Perte,Rejetée,Guichet,62,F,septembre,sept
D250,Plateaux,Kloto,Kpalimé,Bè,Passeport,Voyage,104,12,"0,13",lundi 13 novembre 2023,Perte,Traitee,En ligne,73,M,novembre,nove
D251,Plateaux,Haho,Notsé,Tokoin,Livre de famille,Civil,125,30,"0,14",vendredi 15 décembre 2023,Perte,En cours,En ligne,67,F,décembre,déce
D252,Centrale,Sotouboua,Sotouboua,Nyékonakpoé,Certificat de nationalité,Identité,138,5,"0,01",dimanche 12 février 2023,Première demande,Traitee,En ligne,22,F,février,févr
D253,Kara,Binah,Pagouda,Kodjoviakopé,Carte d'identité,Identité,63,26,"0,03",jeudi 6 juillet 2023,Expiration,Traitee,En ligne,44,F,juillet,juil
D254,Kara,Binah,Pagouda,Amoutivé,Livre de famille,Civil,143,18,"0,06",lundi 30 octobre 2023,Perte,Traitee,Guichet,45,F,octobre,octo
D255,Kara,Kozah,Kara,Kodjoviakopé,Certificat de nationalité,Identité,182,1,"0,02",samedi 14 janvier 2023,Concours,En cours,En ligne,76,M,janvier,janv
D256,Centrale,Sotouboua,Sotouboua,Kodjoviakopé,Carte d'identité,Identité,200,5,"0,12",lundi 27 février 2023,Expiration,En cours,Guichet,59,M,février,févr
D257,Kara,Kozah,Kara,Kodjoviakopé,Passeport,Voyage,166,31,"0,09",mercredi 13 septembre 2023,Perte,Rejetée,Guichet,22,F,septembre,sept
D258,Centrale,Sotouboua,Sotouboua,Nyékonakpoé,Livre de famille,Civil,77,1,"0,04",jeudi 9 mars 2023,Perte,Traitee,En ligne,83,F,mars,mars
D259,Kara,Kozah,Kara,Bè,Livre de famille,Civil,163,15,"0,13",mercredi 5 avril 2023,Détérioration,Traitee,Guichet,72,F,avril,avri
D260,Maritime,Vo,Vogan,Adidogomé,Passeport,Voyage,31,28,"0,12",samedi 30 septembre 2023,Page pleine,En cours,Guichet,25,M,septembre,sept
D261,Plateaux,Haho,Notsé,Agoè,Livre de famille,Civil,131,16,"0,04",samedi 30 septembre 2023,Détérioration,Traitee,Guichet,85,M,septembre,sept
D262,Maritime,Zio,Tsévié,Amoutivé,Carte d'identité,Identité,95,28,"0,01",jeudi 18 mai 2023,Expiration,Traitee,En ligne,79,F,mai,mai
D263,Plateaux,Haho,Notsé,Nyékonakpoé,Acte de naissance,Civil,176,14,"0,11",samedi 26 août 2023,Erreur,Traitee,Guichet,46,M,août,août
D264,Centrale,Tchaoudjo,Sokodé,Bè,Certificat de nationalité,Identité,45,43,"0,08",mercredi 2 août 2023,Perte,En cours,Guichet,79,F,août,août
D265,Plateaux,Ogou,Atakpamé,Tokoin,Carte d'identité,Identité,195,5,"0,13",mardi 23 mai 2023,Expiration,En cours,En ligne,73,F,mai,mai
D266,Savanes,Tône,Dapaong,Hôpital,Certificat de nationalité,Identité,98,11,"0,11",mardi 28 novembre 2023,Première demande,Traitee,Guichet,26,F,novembre,nove
D267,Plateaux,Haho,Notsé,Bè,Acte de naissance,Civil,193,17,"0,04",lundi 18 septembre 2023,Detérioré,Traitee,Guichet,23,F,septembre,sept
D268,Savanes,Oti,Mango,Golfe,Livre de famille,Civil,185,4,"0,13",samedi 7 janvier 2023,Nouveau mariage,Rejetée,Guichet,66,F,janvier,janv
D269,Maritime,Golfe,Adidogomé,Nyékonakpoé,Livre de famille,Civil,67,41,"0,15",vendredi 18 août 2023,Détérioration,En cours,En ligne,27,F,août,août
D270,Kara,Kozah,Kara,Hôpital,Passeport,Voyage,128,32,"0,01",lundi 11 septembre 2023,Page pleine,Traitee,En ligne,29,F,septembre,sept
D271,Maritime,Zio,Tsévié,Adidogomé,Carte d'identité,Identité,62,3,"0,06",dimanche 15 octobre 2023,Vol,En cours,Guichet,64,F,octobre,octo
D272,Plateaux,Haho,Notsé,Amoutivé,Passeport,Voyage,177,38,"0,1",jeudi 19 octobre 2023,Page pleine,En cours,Guichet,81,F,octobre,octo
D273,Maritime,Lacs,Aného,Agoè,Passeport,Voyage,149,17,"0,07",vendredi 16 juin 2023,Page pleine,Rejetée,Guichet,48,F,juin,juin
D274,Kara,Kozah,Kara,Agoè,Passeport,Voyage,54,28,"0,12",samedi 16 décembre 2023,Expiration,Traitee,En ligne,75,M,décembre,déce
D275,Kara,Binah,Pagouda,Adidogomé,Passeport,Voyage,71,43,"0,06",mardi 10 janvier 2023,Expiration,Traitee,En ligne,46,F,janvier,janv
D276,Savanes,Tône,Dapaong,Hedzranawoé,Certificat de nationalité,Identité,127,37,"0,11",jeudi 28 décembre 2023,Perte,Traitee,Guichet,80,F,décembre,déce
D277,Kara,Kozah,Kara,Nyékonakpoé,Passeport,Voyage,106,37,"0,04",samedi 1 avril 2023,Page pleine,Rejetée,En ligne,86,M,avril,avri
D278,Kara,Kozah,Kara,Amoutivé,Acte de naissance,Civil,13,10,"0,03",lundi 16 octobre 2023,Reconstitution,Rejetée,En ligne,48,F,octobre,octo
D279,Maritime,Lacs,Aného,Agoè,Passeport,Voyage,125,3,"0,02",lundi 17 avril 2023,Expiration,Traitee,Guichet,45,M,avril,avri
D280,Savanes,Tône,Dapaong,Amoutivé,Carte d'identité,Identité,152,5,"0,09",mardi 14 novembre 2023,Perte,En cours,Guichet,39,M,novembre,nove
D281,Plateaux,Ogou,Atakpamé,Amoutivé,Acte de naissance,Civil,36,24,"0,03",lundi 16 janvier 2023,Detérioré,Traitee,En ligne,78,M,janvier,janv
D282,Savanes,Tône,Dapaong,Hedzranawoé,Livre de famille,Civil,10,44,"0,01",samedi 9 décembre 2023,Détérioration,Traitee,En ligne,56,F,décembre,déce
D283,Plateaux,Kloto,Kpalimé,Amoutivé,Casier judiciaire,Judiciaire,107,1,"0,11",vendredi 26 mai 2023,Voyage,En cours,Guichet,64,M,mai,mai
D284,Savanes,Oti,Mango,Kodjoviakopé,Passeport,Voyage,96,36,"0,03",lundi 13 février 2023,Expiration,Rejetée,Guichet,68,F,février,févr
D285,Centrale,Sotouboua,Sotouboua,Hedzranawoé,Carte d'identité,Identité,59,7,"0,13",lundi 11 décembre 2023,Vol,En cours,En ligne,26,F,décembre,déce
D286,Maritime,Vo,Vogan,Hedzranawoé,Carte d'identité,Identité,61,11,"0,04",mardi 19 décembre 2023,Expiration,En cours,Guichet,90,F,décembre,déce
D287,Maritime,Golfe,Adidogomé,Golfe,Casier judiciaire,Judiciaire,192,19,"0,08",dimanche 31 décembre 2023,Concours,Traitee,En ligne,30,M,décembre,déce
D288,Savanes,Tône,Dapaong,Amoutivé,Livre de famille,Civil,157,42,"0,07",mardi 3 octobre 2023,Nouveau mariage,Rejetée,En ligne,39,M,octobre,octo
D289,Savanes,Oti,Mango,Amoutivé,Livre de famille,Civil,46,41,"0,13",mercredi 27 septembre 2023,Perte,Traitee,En ligne,44,F,septembre,sept
D290,Kara,Binah,Pagouda,Kodjoviakopé,Passeport,Voyage,181,16,"0,03",mardi 29 août 2023,Perte,En cours,Guichet,27,F,août,août
D291,Savanes,Oti,Mango,Nyékonakpoé,Livre de famille,Civil,146,14,"0,03",jeudi 22 juin 2023,Perte,Traitee,En ligne,60,F,juin,juin
D292,Plateaux,Ogou,Atakpamé,Bè,Passeport,Voyage,29,38,"0,02",jeudi 20 avril 2023,Voyage,En cours,En ligne,22,M,avril,avri
D293,Plateaux,Ogou,Atakpamé,Tokoin,Casier judiciaire,Judiciaire,56,11,"0,01",vendredi 2 juin 2023,Voyage,Traitee,Guichet,90,F,juin,juin
D294,Centrale,Sotouboua,Sotouboua,Golfe,Casier judiciaire,Judiciaire,88,22,"0,07",samedi 23 décembre 2023,Voyage,Traitee,En ligne,37,M,décembre,déce
D295,Kara,Kozah,Kara,Kwé,Acte de naissance,Civil,129,34,"0,11",vendredi 15 décembre 2023,Perte,Rejetée,Guichet,74,F,décembre,déce
D296,Maritime,Zio,Tsévié,Amoutivé,Livre de famille,Civil,85,6,"0,13",mercredi 1 février 2023,Nouveau mariage,Rejetée,Guichet,39,F,février,févr
D297,Kara,Kozah,Kara,Bè,Livre de famille,Civil,76,23,"0,12",vendredi 21 avril 2023,Perte,En cours,Guichet,46,F,avril,avri
D298,Maritime,Lacs,Aného,Nyékonakpoé,Carte d'identité,Identité,70,14,"0,11",mardi 18 juillet 2023,Perte,Traitee,En ligne,59,M,juillet,juil
D299,Savanes,Tône,Dapaong,Golfe,Casier judiciaire,Judiciaire,198,19,"0,11",mercredi 18 octobre 2023,Concours,Traitee,Guichet,68,F,octobre,octo
D300,Savanes,Oti,Mango,Hedzranawoé,Certificat de nationalité,Identité,124,11,"0,15",mercredi 11 octobre 2023,Concours,Rejetée,En ligne,65,F,octobre,octo
D301,Maritime,Vo,Vogan,Kodjoviakopé,Certificat de nationalité,Identité,187,14,"0,09",samedi 30 septembre 2023,Première demande,Traitee,En ligne,54,M,septembre,sept
D302,Savanes,Tône,Dapaong,Kodjoviakopé,Livre de famille,Civil,186,43,"0,03",mercredi 20 décembre 2023,Nouveau mariage,Rejetée,Guichet,41,F,décembre,déce
D303,Kara,Kozah,Kara,Tokoin,Carte d'identité,Identité,43,37,"0,05",lundi 17 juillet 2023,Détérioration,En cours,En ligne,43,F,juillet,juil
D304,Savanes,Tône,Dapaong,Amoutivé,Certificat de nationalité,Identité,173,25,"0,11",dimanche 8 janvier 2023,Première demande,En cours,Guichet,64,F,janvier,janv
D305,Plateaux,Ogou,Atakpamé,Nyékonakpoé,Casier judiciaire,Judiciaire,179,40,"0,03",lundi 11 septembre 2023,Emploi,Traitee,En ligne,54,F,septembre,sept
D306,Plateaux,Ogou,Atakpamé,Hôpital,Casier judiciaire,Judiciaire,152,27,"0,12",dimanche 11 juin 2023,Emploi,En cours,Guichet,61,M,juin,juin
D307,Savanes,Oti,Mango,Amoutivé,Carte d'identité,Identité,50,26,"0,07",lundi 20 novembre 2023,Vol,Traitee,En ligne,52,F,novembre,nove
D308,Savanes,Tône,Dapaong,Kodjoviakopé,Acte de naissance,Civil,104,39,"0,06",lundi 18 septembre 2023,Erreur,Rejetée,En ligne,63,F,septembre,sept
D309,Centrale,Sotouboua,Sotouboua,Agoè,Casier judiciaire,Judiciaire,150,23,"0,1",mercredi 5 avril 2023,Voyage,En cours,En ligne,70,M,avril,avri
D310,Plateaux,Kloto,Kpalimé,Kwé,Passeport,Voyage,42,11,"0,12",mardi 27 juin 2023,Expiration,En cours,En ligne,46,M,juin,juin
D311,Plateaux,Kloto,Kpalimé,Agoè,Certificat de nationalité,Identité,60,42,"0,04",dimanche 12 novembre 2023,Perte,Traitee,Guichet,49,F,novembre,nove
D312,Kara,Kozah,Kara,Golfe,Carte d'identité,Identité,60,18,"0,07",vendredi 20 janvier 2023,Vol,En cours,En ligne,64,F,janvier,janv
D313,Kara,Binah,Pagouda,Bè,Passeport,Voyage,66,17,"0,09",vendredi 10 novembre 2023,Expiration,Traitee,Guichet,90,M,novembre,nove
D314,Centrale,Sotouboua,Sotouboua,Nyékonakpoé,Livre de famille,Civil,109,21,"0,02",samedi 13 mai 2023,Détérioration,Traitee,Guichet,44,F,mai,mai
D315,Centrale,Tchaoudjo,Sokodé,Tokoin,Acte de naissance,Civil,28,27,"0,06",dimanche 29 octobre 2023,Erreur,Rejetée,Guichet,24,M,octobre,octo
D316,Savanes,Oti,Mango,Nyékonakpoé,Passeport,Voyage,85,19,"0,09",mardi 10 janvier 2023,Perte,Rejetée,Guichet,46,M,janvier,janv
D317,Centrale,Sotouboua,Sotouboua,Bè,Livre de famille,Civil,70,32,"0,07",samedi 21 octobre 2023,Nouveau mariage,Traitee,Guichet,36,F,octobre,octo
D318,Centrale,Sotouboua,Sotouboua,Kodjoviakopé,Carte d'identité,Identité,105,29,"0,03",dimanche 12 novembre 2023,Première demande,Rejetée,Guichet,49,M,novembre,nove
D319,Savanes,Oti,Mango,Amoutivé,Carte d'identité,Identité,142,5,"0,04",dimanche 12 novembre 2023,Détérioration,En cours,Guichet,67,F,novembre,nove
D320,Plateaux,Haho,Notsé,Agoè,Carte d'identité,Identité,166,1,"0,01",samedi 8 juillet 2023,Expiration,Traitee,Guichet,52,F,juillet,juil
D321,Maritime,Lacs,Aného,Amoutivé,Passeport,Voyage,161,12,"0,05",dimanche 6 août 2023,Voyage,Rejetée,Guichet,19,M,août,août
D322,Savanes,Tône,Dapaong,Bè,Livre de famille,Civil,45,5,"0,09",dimanche 5 novembre 2023,Détérioration,Traitee,En ligne,81,M,novembre,nove
D323,Plateaux,Ogou,Atakpamé,Nyékonakpoé,Acte de naissance,Civil,41,12,"0,01",dimanche 11 juin 2023,Reconstitution,Traitee,Guichet,50,M,juin,juin
D324,Maritime,Lacs,Aného,Nyékonakpoé,Casier judiciaire,Judiciaire,132,44,"0,09",mercredi 18 octobre 2023,Voyage,Traitee,En ligne,21,F,octobre,octo
D325,Plateaux,Haho,Notsé,Adidogomé,Carte d'identité,Identité,156,26,"0,02",jeudi 6 avril 2023,Vol,Rejetée,En ligne,76,F,avril,avri
D326,Kara,Kozah,Kara,Kwé,Certificat de nationalité,Identité,97,24,"0,12",vendredi 6 octobre 2023,Perte,Rejetée,En ligne,86,M,octobre,octo
D327,Plateaux,Haho,Notsé,Adidogomé,Carte d'identité,Identité,43,34,"0,05",lundi 12 juin 2023,Première demande,Traitee,Guichet,78,F,juin,juin
D328,Plateaux,Kloto,Kpalimé,Tokoin,Carte d'identité,Identité,101,34,"0,01",samedi 17 juin 2023,Détérioration,Rejetée,Guichet,42,M,juin,juin
D329,Savanes,Oti,Mango,Tokoin,Carte d'identité,Identité,68,26,"0,08",mardi 25 juillet 2023,Première demande,Traitee,Guichet,46,M,juillet,juil
D330,Maritime,Vo,Vogan,Amoutivé,Livre de famille,Civil,130,23,"0,08",jeudi 14 décembre 2023,Perte,Traitee,Guichet,28,M,décembre,déce
D331,Centrale,Tchaoudjo,Sokodé,Adidogomé,Livre de famille,Civil,185,31,"0,12",samedi 21 janvier 2023,Détérioration,Traitee,En ligne,66,F,janvier,janv
D332,Plateaux,Ogou,Atakpamé,Bè,Certificat de nationalité,Identité,63,42,"0,03",lundi 15 mai 2023,Première demande,Rejetée,Guichet,56,M,mai,mai
D333,Savanes,Oti,Mango,Kwé,Livre de famille,Civil,168,32,"0,14",vendredi 31 mars 2023,Détérioration,Traitee,Guichet,46,M,mars,mars
D334,Savanes,Oti,Mango,Adidogomé,Livre de famille,Civil,125,32,"0,07",mardi 3 janvier 2023,Perte,Traitee,Guichet,44,M,janvier,janv
D335,Kara,Kozah,Kara,Golfe,Livre de famille,Civil,120,43,"0,12",samedi 22 juillet 2023,Perte,Rejetée,En ligne,45,M,juillet,juil
D336,Centrale,Tchaoudjo,Sokodé,Agoè,Acte de naissance,Civil,141,18,"0,1",mardi 19 septembre 2023,Reconstitution,En cours,En ligne,20,M,septembre,sept
D337,Plateaux,Kloto,Kpalimé,Hedzranawoé,Acte de naissance,Civil,137,5,"0,14",vendredi 16 juin 2023,Perte,Rejetée,En ligne,38,M,juin,juin
D338,Kara,Binah,Pagouda,Adidogomé,Livre de famille,Civil,197,20,"0,1",dimanche 9 juillet 2023,Détérioration,Rejetée,Guichet,59,F,juillet,juil
D339,Plateaux,Kloto,Kpalimé,Kwé,Carte d'identité,Identité,149,13,"0,07",samedi 2 septembre 2023,Vol,Traitee,En ligne,65,M,septembre,sept
D340,Savanes,Oti,Mango,Kodjoviakopé,Carte d'identité,Identité,22,2,"0,06",mardi 4 juillet 2023,Première demande,Rejetée,En ligne,61,F,juillet,juil
D341,Centrale,Sotouboua,Sotouboua,Adidogomé,Carte d'identité,Identité,193,40,"0,1",jeudi 9 février 2023,Expiration,Traitee,Guichet,52,F,février,févr
D342,Centrale,Sotouboua,Sotouboua,Agoè,Carte d'identité,Identité,145,45,"0,11",vendredi 11 août 2023,Vol,En cours,En ligne,66,M,août,août
D343,Plateaux,Haho,Notsé,Kodjoviakopé,Acte de naissance,Civil,81,36,"0,14",lundi 27 novembre 2023,Detérioré,En cours,En ligne,56,M,novembre,nove
D344,Kara,Binah,Pagouda,Amoutivé,Acte de naissance,Civil,176,13,"0,15",mardi 17 janvier 2023,Perte,Rejetée,En ligne,72,M,janvier,janv
D345,Kara,Binah,Pagouda,Adidogomé,Certificat de nationalité,Identité,199,43,"0,01",samedi 8 avril 2023,Première demande,En cours,Guichet,41,F,avril,avri
D346,Centrale,Tchaoudjo,Sokodé,Kwé,Casier judiciaire,Judiciaire,116,10,"0,01",mercredi 17 mai 2023,Voyage,En cours,Guichet,68,M,mai,mai
D347,Centrale,Tchaoudjo,Sokodé,Kwé,Passeport,Voyage,50,16,"0,1",mardi 22 août 2023,Expiration,Traitee,Guichet,34,F,août,août
D348,Centrale,Sotouboua,Sotouboua,Bè,Certificat de nationalité,Identité,88,16,"0,07",mercredi 30 août 2023,Perte,Traitee,En ligne,45,F,août,août
D349,Centrale,Tchaoudjo,Sokodé,Hedzranawoé,Carte d'identité,Identité,45,18,"0,08",samedi 27 mai 2023,Détérioration,En cours,En ligne,33,M,mai,mai
D350,Kara,Kozah,Kara,Bè,Livre de famille,Civil,15,33,"0,01",lundi 14 août 2023,Nouveau mariage,Traitee,En ligne,80,F,août,août
D351,Maritime,Vo,Vogan,Kodjoviakopé,Livre de famille,Civil,103,6,"0,08",mercredi 21 juin 2023,Nouveau mariage,Traitee,En ligne,75,F,juin,juin
D352,Savanes,Oti,Mango,Kwé,Livre de famille,Civil,147,4,"0,13",vendredi 1 septembre 2023,Détérioration,Rejetée,En ligne,75,F,septembre,sept
D353,Kara,Kozah,Kara,Tokoin,Acte de naissance,Civil,114,6,"0,08",lundi 6 février 2023,Perte,Traitee,Guichet,89,F,février,févr
D354,Centrale,Tchaoudjo,Sokodé,Kodjoviakopé,Certificat de nationalité,Identité,99,21,"0,03",dimanche 28 mai 2023,Première demande,Rejetée,En ligne,45,M,mai,mai
D355,Savanes,Oti,Mango,Kodjoviakopé,Passeport,Voyage,38,26,"0,11",samedi 11 février 2023,Voyage,Traitee,En ligne,64,F,février,févr
D356,Plateaux,Ogou,Atakpamé,Kwé,Certificat de nationalité,Identité,101,14,"0,08",lundi 16 janvier 2023,Première demande,En cours,En ligne,34,M,janvier,janv
D357,Centrale,Tchaoudjo,Sokodé,Nyékonakpoé,Certificat de nationalité,Identité,89,43,"0,02",mercredi 5 avril 2023,Perte,Rejetée,Guichet,22,M,avril,avri
D358,Centrale,Tchaoudjo,Sokodé,Hôpital,Carte d'identité,Identité,32,24,"0,07",jeudi 11 mai 2023,Vol,Traitee,En ligne,80,M,mai,mai
D359,Centrale,Tchaoudjo,Sokodé,Tokoin,Livre de famille,Civil,166,19,"0,1",vendredi 13 janvier 2023,Détérioration,Traitee,Guichet,31,F,janvier,janv
D360,Centrale,Sotouboua,Sotouboua,Kwé,Casier judiciaire,Judiciaire,172,16,"0,09",mercredi 26 juillet 2023,Emploi,En cours,Guichet,66,F,juillet,juil
D361,Maritime,Vo,Vogan,Hedzranawoé,Livre de famille,Civil,12,17,"0,14",jeudi 20 juillet 2023,Nouveau mariage,En cours,Guichet,56,M,juillet,juil
D362,Maritime,Zio,Tsévié,Amoutivé,Passeport,Voyage,136,3,"0,05",mercredi 8 février 2023,Page pleine,Traitee,En ligne,90,M,février,févr
D363,Plateaux,Ogou,Atakpamé,Nyékonakpoé,Carte d'identité,Identité,10,4,"0,07",vendredi 27 octobre 2023,Détérioration,Rejetée,En ligne,45,M,octobre,octo
D364,Plateaux,Haho,Notsé,Kodjoviakopé,Certificat de nationalité,Identité,93,13,"0,05",vendredi 15 décembre 2023,Concours,Traitee,En ligne,48,M,décembre,déce
D365,Kara,Binah,Pagouda,Hôpital,Casier judiciaire,Judiciaire,55,40,"0,09",mardi 10 octobre 2023,Emploi,Traitee,En ligne,33,M,octobre,octo
D366,Kara,Kozah,Kara,Golfe,Certificat de nationalité,Identité,16,36,"0,05",samedi 14 janvier 2023,Concours,En cours,Guichet,38,M,janvier,janv
D367,Plateaux,Kloto,Kpalimé,Kwé,Certificat de nationalité,Identité,196,13,"0,11",mercredi 3 mai 2023,Concours,Rejetée,En ligne,66,F,mai,mai
D368,Savanes,Oti,Mango,Tokoin,Casier judiciaire,Judiciaire,71,43,"0,12",jeudi 9 novembre 2023,Voyage,Traitee,En ligne,34,M,novembre,nove
D369,Maritime,Golfe,Bè,Adidogomé,Livre de famille,Civil,114,42,"0,14",mercredi 28 juin 2023,Détérioration,Traitee,Guichet,78,M,juin,juin
D370,Plateaux,Haho,Notsé,Agoè,Casier judiciaire,Judiciaire,79,34,"0,05",mercredi 26 juillet 2023,Emploi,Traitee,En ligne,42,F,juillet,juil
D371,Maritime,Zio,Tsévié,Tokoin,Casier judiciaire,Judiciaire,127,30,"0,07",mardi 7 février 2023,Voyage,Rejetée,En ligne,38,F,février,févr
D372,Kara,Kozah,Kara,Hôpital,Carte d'identité,Identité,84,26,"0,08",dimanche 30 juillet 2023,Perte,Rejetée,En ligne,55,M,juillet,juil
D373,Savanes,Oti,Mango,Hedzranawoé,Casier judiciaire,Judiciaire,23,16,"0,1",mercredi 17 mai 2023,Voyage,Rejetée,En ligne,38,M,mai,mai
D374,Kara,Kozah,Kara,Amoutivé,Certificat de nationalité,Identité,135,45,"0,08",mercredi 4 janvier 2023,Première demande,Rejetée,Guichet,30,F,janvier,janv
D375,Maritime,Golfe,Tokoin,Bè,Casier judiciaire,Judiciaire,165,43,"0,04",lundi 2 octobre 2023,Emploi,Rejetée,Guichet,29,M,octobre,octo
D376,Plateaux,Haho,Notsé,Agoè,Passeport,Voyage,49,32,"0,07",samedi 18 février 2023,Perte,Rejetée,Guichet,48,M,février,févr
D377,Maritime,Zio,Tsévié,Hôpital,Passeport,Voyage,141,5,"0,03",mardi 26 décembre 2023,Voyage,Rejetée,Guichet,23,M,décembre,déce
D378,Kara,Kozah,Kara,Golfe,Casier judiciaire,Judiciaire,156,39,"0,03",vendredi 9 juin 2023,Voyage,Rejetée,En ligne,56,F,juin,juin
D379,Centrale,Tchaoudjo,Sokodé,Kwé,Livre de famille,Civil,49,10,"0,09",samedi 9 décembre 2023,Perte,Rejetée,Guichet,60,F,décembre,déce
D380,Maritime,Zio,Tsévié,Adidogomé,Casier judiciaire,Judiciaire,135,1,"0,07",lundi 20 mars 2023,Voyage,En cours,Guichet,25,F,mars,mars
D381,Kara,Binah,Pagouda,Amoutivé,Acte de naissance,Civil,186,22,"0,04",lundi 16 octobre 2023,Erreur,Rejetée,Guichet,34,M,octobre,octo
D382,Centrale,Sotouboua,Sotouboua,Kodjoviakopé,Carte d'identité,Identité,123,19,"0,04",mercredi 15 novembre 2023,Vol,En cours,Guichet,54,M,novembre,nove
D383,Kara,Kozah,Kara,Nyékonakpoé,Certificat de nationalité,Identité,174,3,"0,04",samedi 8 avril 2023,Concours,En cours,En ligne,40,F,avril,avri
D384,Maritime,Zio,Tsévié,Adidogomé,Passeport,Voyage,33,21,"0,09",dimanche 18 juin 2023,Perte,Traitee,Guichet,46,M,juin,juin
D385,Kara,Binah,Pagouda,Adidogomé,Passeport,Voyage,186,28,"0,05",vendredi 17 mars 2023,Voyage,En cours,Guichet,60,M,mars,mars
D386,Plateaux,Kloto,Kpalimé,Kodjoviakopé,Passeport,Voyage,26,20,"0,07",lundi 6 novembre 2023,Voyage,Traitee,Guichet,35,M,novembre,nove
D387,Kara,Kozah,Kara,Kodjoviakopé,Acte de naissance,Civil,57,41,"0,09",dimanche 28 mai 2023,Reconstitution,Rejetée,Guichet,38,F,mai,mai
D388,Kara,Binah,Pagouda,Agoè,Certificat de nationalité,Identité,75,9,"0,15",jeudi 24 août 2023,Perte,En cours,En ligne,42,F,août,août
D389,Centrale,Tchaoudjo,Sokodé,Tokoin,Acte de naissance,Civil,47,5,"0,08",lundi 2 octobre 2023,Perte,Rejetée,Guichet,78,M,octobre,octo
D390,Plateaux,Ogou,Atakpamé,Adidogomé,Livre de famille,Civil,26,40,"0,12",lundi 6 novembre 2023,Nouveau mariage,En cours,En ligne,55,M,novembre,nove
D391,Kara,Kozah,Kara,Agoè,Certificat de nationalité,Identité,74,15,"0,09",mercredi 24 mai 2023,Première demande,Rejetée,En ligne,52,F,mai,mai
D392,Plateaux,Kloto,Kpalimé,Hôpital,Carte d'identité,Identité,138,36,"0,04",jeudi 25 mai 2023,Expiration,Traitee,Guichet,52,F,mai,mai
D393,Kara,Binah,Pagouda,Golfe,Carte d'identité,Identité,130,7,"0,14",mardi 26 décembre 2023,Perte,Rejetée,Guichet,66,M,décembre,déce
D394,Savanes,Oti,Mango,Nyékonakpoé,Casier judiciaire,Judiciaire,49,1,"0,02",vendredi 4 août 2023,Emploi,Traitee,Guichet,57,M,août,août
D395,Maritime,Golfe,Tokoin,Amoutivé,Certificat de nationalité,Identité,172,4,"0,08",jeudi 30 mars 2023,Première demande,Traitee,En ligne,51,F,mars,mars
D396,Centrale,Sotouboua,Sotouboua,Kwé,Acte de naissance,Civil,114,36,"0,13",mardi 19 décembre 2023,Detérioré,Rejetée,Guichet,30,F,décembre,déce
D397,Plateaux,Ogou,Atakpamé,Hedzranawoé,Passeport,Voyage,139,12,"0,03",dimanche 11 juin 2023,Page pleine,En cours,Guichet,30,F,juin,juin
D398,Plateaux,Kloto,Kpalimé,Nyékonakpoé,Casier judiciaire,Judiciaire,188,13,"0,12",lundi 21 août 2023,Emploi,Traitee,Guichet,59,F,août,août
D399,Maritime,Vo,Vogan,Agoè,Livre de famille,Civil,161,16,"0,01",dimanche 13 août 2023,Détérioration,Traitee,En ligne,40,F,août,août
D400,Kara,Kozah,Kara,Hôpital,Passeport,Voyage,110,35,"0,02",samedi 7 octobre 2023,Perte,En cours,Guichet,19,F,octobre,octo
D401,Kara,Kozah,Kara,Nyékonakpoé,Passeport,Voyage,193,5,"0,01",samedi 28 octobre 2023,Voyage,Traitee,Guichet,80,M,octobre,octo
D402,Centrale,Tchaoudjo,Sokodé,Hedzranawoé,Carte d'identité,Identité,49,34,"0,02",dimanche 15 janvier 2023,Vol,En cours,Guichet,35,M,janvier,janv
D403,Centrale,Sotouboua,Sotouboua,Tokoin,Acte de naissance,Civil,133,7,"0,06",mardi 3 janvier 2023,Detérioré,En cours,Guichet,56,F,janvier,janv
D404,Centrale,Tchaoudjo,Sokodé,Nyékonakpoé,Certificat de nationalité,Identité,126,5,"0,04",dimanche 14 mai 2023,Concours,Traitee,Guichet,80,F,mai,mai
D405,Plateaux,Ogou,Atakpamé,Adidogomé,Acte de naissance,Civil,186,3,"0,04",vendredi 26 mai 2023,Detérioré,Rejetée,En ligne,22,F,mai,mai
D406,Kara,Binah,Pagouda,Nyékonakpoé,Passeport,Voyage,160,33,"0,02",mercredi 21 juin 2023,Perte,Rejetée,Guichet,68,F,juin,juin
D407,Savanes,Oti,Mango,Kwé,Livre de famille,Civil,173,45,"0,13",vendredi 18 août 2023,Perte,Rejetée,Guichet,39,F,août,août
D408,Plateaux,Ogou,Atakpamé,Bè,Passeport,Voyage,171,43,"0,13",mardi 12 septembre 2023,Expiration,Rejetée,En ligne,43,F,septembre,sept
D409,Centrale,Tchaoudjo,Sokodé,Adidogomé,Livre de famille,Civil,137,8,"0,09",samedi 25 février 2023,Perte,En cours,En ligne,38,F,février,févr
D410,Plateaux,Haho,Notsé,Hedzranawoé,Passeport,Voyage,65,16,"0,08",jeudi 22 juin 2023,Voyage,En cours,Guichet,85,M,juin,juin
D411,Plateaux,Ogou,Atakpamé,Adidogomé,Certificat de nationalité,Identité,23,29,"0,04",vendredi 13 janvier 2023,Concours,Rejetée,Guichet,21,F,janvier,janv
D412,Centrale,Sotouboua,Sotouboua,Hôpital,Carte d'identité,Identité,152,16,"0,05",samedi 14 janvier 2023,Expiration,En cours,Guichet,38,M,janvier,janv
D413,Plateaux,Haho,Notsé,Nyékonakpoé,Carte d'identité,Identité,124,19,"0,14",vendredi 21 avril 2023,Vol,Traitee,Guichet,31,F,avril,avri
D414,Maritime,Zio,Tsévié,Amoutivé,Livre de famille,Civil,131,12,"0,01",dimanche 19 février 2023,Perte,Rejetée,Guichet,87,F,février,févr
D415,Maritime,Vo,Vogan,Amoutivé,Certificat de nationalité,Identité,174,36,"0,02",dimanche 25 juin 2023,Concours,En cours,Guichet,76,F,juin,juin
D416,Savanes,Oti,Mango,Tokoin,Passeport,Voyage,18,7,"0,13",mercredi 18 janvier 2023,Perte,Traitee,En ligne,72,M,janvier,janv
D417,Kara,Binah,Pagouda,Agoè,Certificat de nationalité,Identité,75,45,"0,05",vendredi 3 novembre 2023,Perte,En cours,En ligne,56,F,novembre,nove
D418,Centrale,Tchaoudjo,Sokodé,Golfe,Livre de famille,Civil,74,7,"0,14",mardi 5 décembre 2023,Perte,Rejetée,Guichet,75,F,décembre,déce
D419,Plateaux,Ogou,Atakpamé,Adidogomé,Carte d'identité,Identité,52,5,"0,05",vendredi 18 août 2023,Détérioration,Traitee,Guichet,39,M,août,août
D420,Plateaux,Haho,Notsé,Nyékonakpoé,Carte d'identité,Identité,179,23,"0,03",vendredi 15 septembre 2023,Perte,En cours,Guichet,67,M,septembre,sept
D421,Maritime,Vo,Vogan,Adidogomé,Acte de naissance,Civil,35,8,"0,02",mercredi 22 novembre 2023,Reconstitution,Traitee,En ligne,35,F,novembre,nove
D422,Plateaux,Ogou,Atakpamé,Kodjoviakopé,Livre de famille,Civil,145,44,"0,14",dimanche 21 mai 2023,Perte,En cours,Guichet,87,F,mai,mai
D423,Plateaux,Ogou,Atakpamé,Golfe,Livre de famille,Civil,32,7,"0,01",lundi 30 janvier 2023,Nouveau mariage,Traitee,Guichet,73,M,janvier,janv
D424,Plateaux,Ogou,Atakpamé,Hôpital,Certificat de nationalité,Identité,176,26,"0,06",lundi 27 novembre 2023,Concours,En cours,En ligne,46,F,novembre,nove
D425,Plateaux,Ogou,Atakpamé,Amoutivé,Carte d'identité,Identité,199,38,"0,03",dimanche 30 avril 2023,Première demande,Rejetée,En ligne,58,M,avril,avri
D426,Savanes,Tône,Dapaong,Nyékonakpoé,Casier judiciaire,Judiciaire,187,26,"0,11",mardi 21 novembre 2023,Voyage,En cours,En ligne,90,F,novembre,nove
D427,Centrale,Sotouboua,Sotouboua,Agoè,Passeport,Voyage,197,7,"0,05",lundi 2 janvier 2023,Expiration,Rejetée,Guichet,64,F,janvier,janv
D428,Savanes,Oti,Mango,Golfe,Certificat de nationalité,Identité,128,14,"0,01",mardi 28 mars 2023,Concours,Traitee,Guichet,70,M,mars,mars
D429,Savanes,Tône,Dapaong,Amoutivé,Casier judiciaire,Judiciaire,110,26,"0,01",lundi 20 février 2023,Concours,Traitee,En ligne,32,M,février,févr
D430,Plateaux,Haho,Notsé,Hôpital,Certificat de nationalité,Identité,77,44,"0,09",mercredi 14 juin 2023,Perte,Traitee,Guichet,42,M,juin,juin
D431,Kara,Binah,Pagouda,Adidogomé,Acte de naissance,Civil,62,36,"0,08",mardi 4 avril 2023,Reconstitution,Traitee,En ligne,26,F,avril,avri
D432,Maritime,Golfe,Bè,Hedzranawoé,Casier judiciaire,Judiciaire,89,43,"0,13",lundi 28 août 2023,Voyage,Traitee,Guichet,24,F,août,août
D433,Plateaux,Haho,Notsé,Amoutivé,Passeport,Voyage,13,39,"0,04",mardi 21 février 2023,Expiration,En cours,Guichet,30,M,février,févr
D434,Maritime,Golfe,Bè,Nyékonakpoé,Carte d'identité,Identité,116,9,"0,06",mardi 25 avril 2023,Perte,Rejetée,En ligne,31,F,avril,avri
D435,Savanes,Oti,Mango,Golfe,Acte de naissance,Civil,136,30,"0,13",mardi 11 juillet 2023,Erreur,Traitee,En ligne,70,M,juillet,juil
D436,Maritime,Lacs,Aného,Golfe,Passeport,Voyage,151,45,"0,1",mardi 7 mars 2023,Perte,En cours,Guichet,69,M,mars,mars
D437,Kara,Binah,Pagouda,Kodjoviakopé,Certificat de nationalité,Identité,191,1,"0,15",jeudi 24 août 2023,Perte,Rejetée,En ligne,78,F,août,août
D438,Centrale,Tchaoudjo,Sokodé,Kwé,Acte de naissance,Civil,18,4,"0,11",lundi 4 septembre 2023,Detérioré,Traitee,Guichet,67,M,septembre,sept
D439,Centrale,Sotouboua,Sotouboua,Hôpital,Passeport,Voyage,173,31,"0,11",vendredi 27 janvier 2023,Expiration,Traitee,En ligne,78,F,janvier,janv
D440,Kara,Binah,Pagouda,Nyékonakpoé,Livre de famille,Civil,88,37,"0,1",mercredi 8 novembre 2023,Détérioration,En cours,En ligne,33,M,novembre,nove
D441,Maritime,Lacs,Aného,Hôpital,Livre de famille,Civil,80,14,"0,03",lundi 30 octobre 2023,Détérioration,En cours,Guichet,41,M,octobre,octo
D442,Centrale,Sotouboua,Sotouboua,Amoutivé,Passeport,Voyage,121,40,"0,09",lundi 27 mars 2023,Perte,Rejetée,En ligne,80,F,mars,mars
D443,Centrale,Tchaoudjo,Sokodé,Tokoin,Carte d'identité,Identité,92,6,"0,04",lundi 24 juillet 2023,Vol,Traitee,En ligne,62,M,juillet,juil
D444,Plateaux,Kloto,Kpalimé,Hedzranawoé,Certificat de nationalité,Identité,119,14,"0,12",lundi 9 janvier 2023,Perte,Traitee,Guichet,70,F,janvier,janv
D445,Savanes,Tône,Dapaong,Agoè,Certificat de nationalité,Identité,106,9,"0,05",dimanche 11 juin 2023,Concours,Rejetée,En ligne,23,M,juin,juin
D446,Plateaux,Kloto,Kpalimé,Adidogomé,Certificat de nationalité,Identité,141,34,"0,13",mardi 17 octobre 2023,Première demande,Rejetée,En ligne,72,M,octobre,octo
D447,Savanes,Oti,Mango,Kwé,Passeport,Voyage,114,31,"0,05",mercredi 19 juillet 2023,Perte,En cours,En ligne,62,F,juillet,juil
D448,Plateaux,Haho,Notsé,Tokoin,Certificat de nationalité,Identité,21,38,"0,01",jeudi 16 novembre 2023,Perte,Traitee,Guichet,30,F,novembre,nove
D449,Maritime,Golfe,Bè,Nyékonakpoé,Carte d'identité,Identité,160,25,"0,03",mercredi 8 novembre 2023,Perte,Traitee,En ligne,60,M,novembre,nove
D450,Plateaux,Kloto,Kpalimé,Hedzranawoé,Casier judiciaire,Judiciaire,166,24,"0,07",dimanche 22 janvier 2023,Voyage,Traitee,En ligne,22,F,janvier,janv
D451,Kara,Kozah,Kara,Amoutivé,Acte de naissance,Civil,152,38,"0,03",lundi 7 août 2023,Detérioré,Traitee,Guichet,52,M,août,août
D452,Kara,Binah,Pagouda,Nyékonakpoé,Carte d'identité,Identité,107,15,"0,09",jeudi 22 juin 2023,Première demande,Traitee,En ligne,70,M,juin,juin
D453,Savanes,Oti,Mango,Adidogomé,Passeport,Voyage,182,3,"0,1",samedi 18 mars 2023,Page pleine,Traitee,En ligne,21,M,mars,mars
D454,Kara,Binah,Pagouda,Golfe,Casier judiciaire,Judiciaire,169,5,"0,01",mercredi 29 novembre 2023,Emploi,Rejetée,En ligne,39,F,novembre,nove
D455,Maritime,Golfe,Adidogomé,Golfe,Certificat de nationalité,Identité,163,22,"0,13",dimanche 1 octobre 2023,Concours,En cours,Guichet,52,F,octobre,octo
D456,Plateaux,Kloto,Kpalimé,Kodjoviakopé,Acte de naissance,Civil,189,4,"0,14",lundi 18 septembre 2023,Erreur,En cours,En ligne,72,F,septembre,sept
D457,Centrale,Tchaoudjo,Sokodé,Golfe,Certificat de nationalité,Identité,121,25,"0,13",vendredi 14 juillet 2023,Première demande,Traitee,En ligne,55,M,juillet,juil
D458,Maritime,Vo,Vogan,Amoutivé,Certificat de nationalité,Identité,110,38,"0,1",vendredi 7 juillet 2023,Concours,Traitee,En ligne,49,F,juillet,juil
D459,Plateaux,Haho,Notsé,Adidogomé,Casier judiciaire,Judiciaire,49,43,"0,04",mardi 19 septembre 2023,Concours,En cours,Guichet,25,F,septembre,sept
D460,Centrale,Sotouboua,Sotouboua,Kwé,Acte de naissance,Civil,45,12,"0,08",dimanche 18 juin 2023,Reconstitution,Traitee,Guichet,68,F,juin,juin
D461,Plateaux,Kloto,Kpalimé,Kodjoviakopé,Livre de famille,Civil,71,39,"0,05",mercredi 19 avril 2023,Perte,En cours,En ligne,62,F,avril,avri
D462,Savanes,Oti,Mango,Adidogomé,Acte de naissance,Civil,40,19,"0,12",mardi 27 juin 2023,Perte,Traitee,Guichet,71,F,juin,juin
D463,Centrale,Sotouboua,Sotouboua,Nyékonakpoé,Carte d'identité,Identité,80,27,"0,08",mardi 10 janvier 2023,Détérioration,En cours,En ligne,69,F,janvier,janv
D464,Savanes,Oti,Mango,Agoè,Certificat de nationalité,Identité,81,34,"0,13",samedi 4 mars 2023,Perte,Traitee,Guichet,22,M,mars,mars
D465,Centrale,Tchaoudjo,Sokodé,Amoutivé,Certificat de nationalité,Identité,96,10,"0,11",dimanche 26 février 2023,Première demande,Traitee,Guichet,90,F,février,févr
D466,Savanes,Tône,Dapaong,Amoutivé,Certificat de nationalité,Identité,39,28,"0,12",vendredi 8 décembre 2023,Concours,Rejetée,En ligne,85,M,décembre,déce
D467,Savanes,Oti,Mango,Bè,Casier judiciaire,Judiciaire,66,19,"0,09",lundi 11 décembre 2023,Voyage,En cours,Guichet,84,M,décembre,déce
D468,Savanes,Tône,Dapaong,Amoutivé,Casier judiciaire,Judiciaire,31,33,"0,02",vendredi 21 avril 2023,Emploi,Traitee,Guichet,68,M,avril,avri
D469,Savanes,Tône,Dapaong,Adidogomé,Certificat de nationalité,Identité,112,23,"0,01",dimanche 15 janvier 2023,Concours,Rejetée,Guichet,66,F,janvier,janv
D470,Plateaux,Kloto,Kpalimé,Hôpital,Carte d'identité,Identité,140,19,"0,13",mercredi 20 décembre 2023,Perte,Rejetée,En ligne,82,F,décembre,déce
D471,Kara,Binah,Pagouda,Adidogomé,Livre de famille,Civil,186,12,"0,05",dimanche 8 janvier 2023,Nouveau mariage,Rejetée,En ligne,36,F,janvier,janv
D472,Centrale,Sotouboua,Sotouboua,Amoutivé,Acte de naissance,Civil,115,39,"0,07",jeudi 11 mai 2023,Perte,Rejetée,Guichet,83,F,mai,mai
D473,Savanes,Tône,Dapaong,Golfe,Livre de famille,Civil,51,29,"0,11",mardi 8 août 2023,Perte,Traitee,En ligne,52,M,août,août
D474,Savanes,Tône,Dapaong,Kodjoviakopé,Acte de naissance,Civil,50,3,"0,07",mercredi 1 novembre 2023,Erreur,En cours,Guichet,41,F,novembre,nove
D475,Savanes,Tône,Dapaong,Amoutivé,Passeport,Voyage,198,18,"0,1",mercredi 6 décembre 2023,Perte,En cours,En ligne,40,M,décembre,déce
D476,Centrale,Sotouboua,Sotouboua,Amoutivé,Acte de naissance,Civil,67,9,"0,04",vendredi 14 avril 2023,Reconstitution,Traitee,Guichet,67,F,avril,avri
D477,Plateaux,Haho,Notsé,Nyékonakpoé,Casier judiciaire,Judiciaire,179,17,"0,1",jeudi 2 février 2023,Voyage,Traitee,En ligne,71,F,février,févr
D478,Centrale,Sotouboua,Sotouboua,Hedzranawoé,Certificat de nationalité,Identité,160,20,"0,11",dimanche 28 mai 2023,Première demande,En cours,Guichet,24,F,mai,mai
D479,Savanes,Oti,Mango,Bè,Passeport,Voyage,73,14,"0,03",mercredi 7 juin 2023,Voyage,Traitee,En ligne,20,M,juin,juin
D480,Savanes,Tône,Dapaong,Bè,Livre de famille,Civil,90,44,"0,05",jeudi 12 janvier 2023,Détérioration,Rejetée,En ligne,79,M,janvier,janv
D481,Kara,Binah,Pagouda,Adidogomé,Livre de famille,Civil,116,16,"0,11",mardi 18 avril 2023,Perte,En cours,En ligne,81,F,avril,avri
D482,Maritime,Zio,Tsévié,Kodjoviakopé,Carte d'identité,Identité,19,15,0,vendredi 9 juin 2023,Première demande,Traitee,En ligne,18,F,juin,juin
D483,Maritime,Vo,Vogan,Agoè,Carte d'identité,Identité,189,20,"0,06",mardi 3 octobre 2023,Première demande,Rejetée,En ligne,90,F,octobre,octo
D484,Maritime,Vo,Vogan,Agoè,Livre de famille,Civil,24,8,"0,12",samedi 27 mai 2023,Nouveau mariage,Rejetée,En ligne,18,M,mai,mai
D485,Savanes,Tône,Dapaong,Adidogomé,Livre de famille,Civil,23,21,"0,11",mardi 9 mai 2023,Perte,Traitee,Guichet,68,F,mai,mai
D486,Savanes,Oti,Mango,Amoutivé,Acte de naissance,Civil,174,31,"0,08",dimanche 14 mai 2023,Erreur,En cours,Guichet,36,M,mai,mai
D487,Centrale,Tchaoudjo,Sokodé,Bè,Casier judiciaire,Judiciaire,118,5,"0,02",vendredi 28 juillet 2023,Concours,Rejetée,Guichet,90,M,juillet,juil
D488,Maritime,Lacs,Aného,Hôpital,Livre de famille,Civil,116,19,"0,13",vendredi 20 octobre 2023,Perte,En cours,En ligne,70,F,octobre,octo
D489,Maritime,Vo,Vogan,Agoè,Livre de famille,Civil,115,28,"0,03",dimanche 30 juillet 2023,Perte,Rejetée,En ligne,72,M,juillet,juil
D490,Centrale,Tchaoudjo,Sokodé,Amoutivé,Passeport,Voyage,161,26,0,dimanche 6 août 2023,Voyage,Rejetée,En ligne,26,F,août,août
D491,Kara,Kozah,Kara,Golfe,Passeport,Voyage,172,25,0,vendredi 26 mai 2023,Expiration,Traitee,En ligne,77,F,mai,mai
D492,Centrale,Sotouboua,Sotouboua,Kwé,Livre de famille,Civil,152,16,"0,13",samedi 9 septembre 2023,Nouveau mariage,En cours,Guichet,49,M,septembre,sept
D493,Kara,Kozah,Kara,Kwé,Acte de naissance,Civil,95,37,"0,07",jeudi 7 décembre 2023,Detérioré,En cours,En ligne,40,F,décembre,déce
D494,Plateaux,Haho,Notsé,Hôpital,Certificat de nationalité,Identité,16,33,"0,04",jeudi 20 juillet 2023,Perte,Rejetée,En ligne,71,M,juillet,juil
D495,Savanes,Oti,Mango,Agoè,Acte de naissance,Civil,120,30,"0,09",lundi 13 février 2023,Erreur,Rejetée,Guichet,90,M,février,févr
D496,Kara,Kozah,Kara,Amoutivé,Carte d'identité,Identité,110,21,"0,09",mercredi 11 octobre 2023,Expiration,Traitee,En ligne,38,F,octobre,octo
D497,Savanes,Tône,Dapaong,Nyékonakpoé,Livre de famille,Civil,65,35,"0,05",jeudi 5 janvier 2023,Nouveau mariage,En cours,En ligne,30,M,janvier,janv
D498,Kara,Binah,Pagouda,Tokoin,Acte de naissance,Civil,101,39,"0,01",mercredi 19 juillet 2023,Erreur,En cours,En ligne,70,F,juillet,juil
D499,Plateaux,Ogou,Atakpamé,Golfe,Casier judiciaire,Judiciaire,26,13,"0,09",jeudi 18 mai 2023,Voyage,Rejetée,En ligne,33,M,mai,mai
D500,Maritime,Golfe,Tokoin,Kodjoviakopé,Certificat de nationalité,Identité,77,32,"0,14",dimanche 16 avril 2023,Première demande,Traitee,Guichet,23,F,avril,avri
D501,Kara,Kozah,Kara,Hôpital,Carte d'identité,Identité,160,3,"0,15",dimanche 13 août 2023,Première demande,Rejetée,En ligne,56,F,août,août
D502,Savanes,Tône,Dapaong,Hedzranawoé,Casier judiciaire,Judiciaire,158,20,"0,13",vendredi 10 mars 2023,Emploi,En cours,En ligne,85,M,mars,mars
D503,Centrale,Tchaoudjo,Sokodé,Bè,Certificat de nationalité,Identité,30,34,"0,04",lundi 13 février 2023,Première demande,Traitee,En ligne,72,F,février,févr
D504,Plateaux,Haho,Notsé,Bè,Carte d'identité,Identité,76,34,"0,01",mercredi 27 septembre 2023,Expiration,Traitee,En ligne,25,F,septembre,sept
D505,Centrale,Sotouboua,Sotouboua,Adidogomé,Casier judiciaire,Judiciaire,144,21,"0,08",vendredi 7 avril 2023,Concours,Rejetée,Guichet,54,M,avril,avri
D506,Kara,Kozah,Kara,Hôpital,Casier judiciaire,Judiciaire,16,8,"0,14",mardi 4 avril 2023,Voyage,Rejetée,Guichet,86,M,avril,avri
D507,Maritime,Zio,Tsévié,Hedzranawoé,Acte de naissance,Civil,113,39,"0,02",vendredi 10 mars 2023,Reconstitution,En cours,En ligne,39,F,mars,mars
D508,Savanes,Tône,Dapaong,Hedzranawoé,Carte d'identité,Identité,173,21,"0,04",samedi 2 septembre 2023,Perte,Traitee,Guichet,24,M,septembre,sept
D509,Centrale,Tchaoudjo,Sokodé,Bè,Acte de naissance,Civil,42,7,"0,07",jeudi 6 avril 2023,Perte,Rejetée,En ligne,57,F,avril,avri
D510,Kara,Binah,Pagouda,Golfe,Certificat de nationalité,Identité,73,11,"0,05",jeudi 28 septembre 2023,Perte,Traitee,En ligne,22,F,septembre,sept
D511,Centrale,Sotouboua,Sotouboua,Kodjoviakopé,Acte de naissance,Civil,116,36,"0,13",mercredi 29 novembre 2023,Reconstitution,Traitee,En ligne,58,M,novembre,nove
D512,Plateaux,Haho,Notsé,Adidogomé,Livre de famille,Civil,193,14,"0,02",samedi 3 juin 2023,Détérioration,Rejetée,En ligne,70,F,juin,juin
D513,Maritime,Lacs,Aného,Tokoin,Livre de famille,Civil,165,2,"0,13",lundi 10 juillet 2023,Détérioration,Rejetée,Guichet,52,M,juillet,juil
D514,Centrale,Sotouboua,Sotouboua,Amoutivé,Passeport,Voyage,164,28,"0,1",mercredi 18 octobre 2023,Voyage,En cours,En ligne,62,F,octobre,octo
D515,Kara,Kozah,Kara,Bè,Carte d'identité,Identité,24,40,"0,03",vendredi 22 décembre 2023,Perte,Traitee,En ligne,46,F,décembre,déce
D516,Maritime,Zio,Tsévié,Adidogomé,Passeport,Voyage,146,25,"0,09",vendredi 6 octobre 2023,Perte,Traitee,En ligne,34,F,octobre,octo
D517,Maritime,Golfe,Tokoin,Kwé,Acte de naissance,Civil,15,9,"0,04",mardi 5 décembre 2023,Erreur,Rejetée,En ligne,45,M,décembre,déce
D518,Kara,Binah,Pagouda,Kwé,Livre de famille,Civil,123,27,"0,07",jeudi 1 juin 2023,Détérioration,Rejetée,Guichet,85,M,juin,juin
D519,Kara,Kozah,Kara,Hedzranawoé,Passeport,Voyage,101,22,"0,1",mercredi 10 mai 2023,Page pleine,En cours,En ligne,18,F,mai,mai
D520,Kara,Binah,Pagouda,Kwé,Livre de famille,Civil,101,43,"0,03",mercredi 22 mars 2023,Nouveau mariage,En cours,Guichet,84,M,mars,mars
D521,Kara,Kozah,Kara,Kodjoviakopé,Casier judiciaire,Judiciaire,174,39,"0,09",dimanche 16 avril 2023,Concours,Traitee,En ligne,21,F,avril,avri
D522,Plateaux,Ogou,Atakpamé,Kodjoviakopé,Casier judiciaire,Judiciaire,76,18,"0,03",samedi 9 décembre 2023,Concours,Traitee,Guichet,72,M,décembre,déce
D523,Maritime,Golfe,Lomé,Bè,Certificat de nationalité,Identité,58,24,"0,07",mardi 11 avril 2023,Première demande,Rejetée,En ligne,68,M,avril,avri
D524,Savanes,Oti,Mango,Adidogomé,Casier judiciaire,Judiciaire,100,17,"0,11",vendredi 22 septembre 2023,Voyage,Rejetée,En ligne,23,F,septembre,sept
D525,Savanes,Tône,Dapaong,Hôpital,Certificat de nationalité,Identité,66,5,"0,12",mardi 28 mars 2023,Perte,Traitee,En ligne,31,F,mars,mars
D526,Plateaux,Ogou,Atakpamé,Hedzranawoé,Certificat de nationalité,Identité,177,16,"0,12",samedi 22 juillet 2023,Première demande,Traitee,Guichet,33,F,juillet,juil
D527,Kara,Binah,Pagouda,Amoutivé,Casier judiciaire,Judiciaire,51,21,"0,06",mardi 18 juillet 2023,Emploi,En cours,En ligne,74,F,juillet,juil
D528,Maritime,Golfe,Tokoin,Hôpital,Certificat de nationalité,Identité,125,37,"0,03",samedi 14 octobre 2023,Première demande,Rejetée,Guichet,33,M,octobre,octo
D529,Maritime,Golfe,Tokoin,Hôpital,Casier judiciaire,Judiciaire,194,3,"0,11",mardi 21 février 2023,Emploi,Rejetée,Guichet,36,F,février,févr
D530,Savanes,Tône,Dapaong,Kodjoviakopé,Passeport,Voyage,130,32,"0,02",jeudi 14 septembre 2023,Perte,Rejetée,En ligne,28,M,septembre,sept
D531,Centrale,Tchaoudjo,Sokodé,Kodjoviakopé,Certificat de nationalité,Identité,162,39,"0,11",mardi 31 janvier 2023,Perte,Traitee,Guichet,62,M,janvier,janv
D532,Maritime,Lacs,Aného,Kodjoviakopé,Passeport,Voyage,95,35,"0,02",vendredi 7 avril 2023,Voyage,Traitee,En ligne,51,M,avril,avri
D533,Kara,Binah,Pagouda,Hedzranawoé,Livre de famille,Civil,122,19,"0,14",jeudi 4 mai 2023,Détérioration,En cours,En ligne,82,M,mai,mai
D534,Kara,Binah,Pagouda,Kwé,Passeport,Voyage,138,43,"0,11",vendredi 10 mars 2023,Page pleine,Traitee,En ligne,32,M,mars,mars
D535,Maritime,Lacs,Aného,Kodjoviakopé,Certificat de nationalité,Identité,73,34,"0,09",lundi 27 février 2023,Concours,Traitee,Guichet,65,M,février,févr
D536,Savanes,Tône,Dapaong,Amoutivé,Acte de naissance,Civil,21,36,"0,04",samedi 18 mars 2023,Reconstitution,Rejetée,En ligne,90,F,mars,mars
D537,Kara,Binah,Pagouda,Agoè,Carte d'identité,Identité,191,1,"0,09",vendredi 22 septembre 2023,Perte,En cours,En ligne,22,F,septembre,sept
D538,Maritime,Lacs,Aného,Kodjoviakopé,Casier judiciaire,Judiciaire,182,17,"0,09",lundi 13 novembre 2023,Voyage,Traitee,Guichet,49,F,novembre,nove
D539,Kara,Binah,Pagouda,Tokoin,Acte de naissance,Civil,72,5,"0,1",lundi 23 octobre 2023,Perte,Traitee,En ligne,48,M,octobre,octo
D540,Kara,Binah,Pagouda,Amoutivé,Livre de famille,Civil,80,25,"0,07",mercredi 19 juillet 2023,Perte,En cours,Guichet,67,M,juillet,juil
D541,Plateaux,Kloto,Kpalimé,Bè,Carte d'identité,Identité,187,32,"0,04",dimanche 23 juillet 2023,Vol,En cours,Guichet,90,M,juillet,juil
D542,Centrale,Sotouboua,Sotouboua,Hôpital,Passeport,Voyage,106,45,"0,09",lundi 16 octobre 2023,Page pleine,Rejetée,Guichet,59,F,octobre,octo
D543,Centrale,Tchaoudjo,Sokodé,Golfe,Passeport,Voyage,38,43,"0,1",mardi 14 novembre 2023,Expiration,Rejetée,Guichet,90,F,novembre,nove
D544,Centrale,Tchaoudjo,Sokodé,Kodjoviakopé,Certificat de nationalité,Identité,104,10,"0,09",dimanche 3 septembre 2023,Concours,Traitee,Guichet,47,M,septembre,sept
D545,Plateaux,Haho,Notsé,Hôpital,Casier judiciaire,Judiciaire,35,38,"0,02",samedi 15 avril 2023,Emploi,En cours,En ligne,87,F,avril,avri
D546,Plateaux,Haho,Notsé,Amoutivé,Passeport,Voyage,59,44,"0,14",dimanche 29 octobre 2023,Expiration,Traitee,Guichet,72,F,octobre,octo
D547,Plateaux,Ogou,Atakpamé,Kwé,Livre de famille,Civil,133,16,"0,02",samedi 24 juin 2023,Nouveau mariage,Rejetée,Guichet,58,M,juin,juin
D548,Maritime,Vo,Vogan,Golfe,Passeport,Voyage,155,3,"0,15",dimanche 31 décembre 2023,Voyage,Traitee,En ligne,86,M,décembre,déce
D549,Centrale,Tchaoudjo,Sokodé,Bè,Acte de naissance,Civil,73,42,"0,05",vendredi 3 mars 2023,Reconstitution,Rejetée,Guichet,58,F,mars,mars
D550,Plateaux,Ogou,Atakpamé,Amoutivé,Acte de naissance,Civil,157,12,"0,04",samedi 7 janvier 2023,Detérioré,Rejetée,Guichet,61,M,janvier,janv
D551,Maritime,Vo,Vogan,Bè,Livre de famille,Civil,56,19,"0,06",lundi 13 novembre 2023,Détérioration,Rejetée,Guichet,48,F,novembre,nove
D552,Kara,Kozah,Kara,Hôpital,Carte d'identité,Identité,151,28,"0,11",mardi 18 avril 2023,Première demande,En cours,En ligne,71,M,avril,avri
D553,Maritime,Lacs,Aného,Kwé,Livre de famille,Civil,13,26,"0,09",mardi 19 décembre 2023,Nouveau mariage,Rejetée,En ligne,22,F,décembre,déce
D554,Kara,Binah,Pagouda,Nyékonakpoé,Acte de naissance,Civil,195,45,"0,12",jeudi 21 septembre 2023,Reconstitution,Rejetée,Guichet,41,M,septembre,sept
D555,Savanes,Oti,Mango,Nyékonakpoé,Livre de famille,Civil,168,26,"0,09",vendredi 26 mai 2023,Perte,Traitee,Guichet,64,M,mai,mai
D556,Savanes,Tône,Dapaong,Tokoin,Acte de naissance,Civil,169,13,"0,01",mardi 13 juin 2023,Perte,Rejetée,En ligne,71,F,juin,juin
D557,Centrale,Tchaoudjo,Sokodé,Nyékonakpoé,Livre de famille,Civil,195,37,"0,08",jeudi 7 septembre 2023,Perte,En cours,Guichet,24,F,septembre,sept
D558,Plateaux,Haho,Notsé,Kwé,Carte d'identité,Identité,148,28,"0,11",jeudi 26 octobre 2023,Expiration,Rejetée,En ligne,27,M,octobre,octo
D559,Savanes,Oti,Mango,Kwé,Certificat de nationalité,Identité,109,21,"0,02",dimanche 27 août 2023,Concours,Rejetée,En ligne,61,M,août,août
D560,Centrale,Tchaoudjo,Sokodé,Adidogomé,Carte d'identité,Identité,94,45,"0,12",mercredi 8 mars 2023,Perte,Rejetée,Guichet,54,F,mars,mars
D561,Centrale,Tchaoudjo,Sokodé,Hôpital,Casier judiciaire,Judiciaire,86,12,"0,11",mardi 22 août 2023,Emploi,Rejetée,En ligne,73,F,août,août
D562,Centrale,Sotouboua,Sotouboua,Golfe,Passeport,Voyage,91,26,"0,05",lundi 3 avril 2023,Voyage,Traitee,En ligne,75,F,avril,avri
D563,Plateaux,Haho,Notsé,Adidogomé,Passeport,Voyage,77,45,"0,01",lundi 19 juin 2023,Page pleine,Traitee,Guichet,50,F,juin,juin
D564,Savanes,Tône,Dapaong,Kodjoviakopé,Certificat de nationalité,Identité,30,23,"0,01",mercredi 5 juillet 2023,Perte,En cours,En ligne,70,M,juillet,juil
D565,Savanes,Tône,Dapaong,Nyékonakpoé,Certificat de nationalité,Identité,39,8,"0,15",samedi 17 juin 2023,Concours,En cours,En ligne,47,M,juin,juin
D566,Maritime,Golfe,Lomé,Kwé,Passeport,Voyage,182,44,0,dimanche 9 juillet 2023,Expiration,En cours,En ligne,59,M,juillet,juil
D567,Kara,Binah,Pagouda,Kwé,Acte de naissance,Civil,153,2,"0,09",jeudi 8 juin 2023,Perte,En cours,En ligne,18,F,juin,juin
D568,Kara,Binah,Pagouda,Hedzranawoé,Acte de naissance,Civil,125,11,"0,03",mardi 19 décembre 2023,Erreur,En cours,En ligne,29,M,décembre,déce
D569,Centrale,Tchaoudjo,Sokodé,Kwé,Passeport,Voyage,115,31,"0,05",mercredi 5 avril 2023,Perte,Rejetée,Guichet,48,M,avril,avri
D570,Kara,Kozah,Kara,Amoutivé,Acte de naissance,Civil,62,43,"0,14",samedi 22 juillet 2023,Perte,En cours,En ligne,77,M,juillet,juil
D571,Centrale,Sotouboua,Sotouboua,Golfe,Acte de naissance,Civil,42,15,"0,11",samedi 30 décembre 2023,Perte,Traitee,En ligne,52,M,décembre,déce
D572,Savanes,Oti,Mango,Nyékonakpoé,Livre de famille,Civil,74,43,"0,03",mardi 2 mai 2023,Détérioration,Rejetée,Guichet,87,M,mai,mai
D573,Kara,Kozah,Kara,Kodjoviakopé,Livre de famille,Civil,42,23,"0,06",lundi 6 mars 2023,Nouveau mariage,En cours,En ligne,28,F,mars,mars
D574,Plateaux,Kloto,Kpalimé,Nyékonakpoé,Carte d'identité,Identité,43,11,"0,1",jeudi 13 avril 2023,Détérioration,Traitee,En ligne,20,M,avril,avri
D575,Plateaux,Kloto,Kpalimé,Amoutivé,Acte de naissance,Civil,33,18,"0,15",samedi 19 août 2023,Perte,En cours,Guichet,42,F,août,août
D576,Savanes,Oti,Mango,Bè,Certificat de nationalité,Identité,115,43,"0,06",mercredi 1 février 2023,Première demande,Rejetée,En ligne,82,M,février,févr
D577,Savanes,Tône,Dapaong,Tokoin,Carte d'identité,Identité,57,41,"0,02",dimanche 5 février 2023,Expiration,En cours,En ligne,87,M,février,févr
D578,Plateaux,Ogou,Atakpamé,Amoutivé,Livre de famille,Civil,48,4,"0,03",lundi 27 novembre 2023,Détérioration,Traitee,En ligne,20,F,novembre,nove
D579,Plateaux,Ogou,Atakpamé,Agoè,Acte de naissance,Civil,177,2,"0,09",lundi 23 octobre 2023,Reconstitution,Traitee,En ligne,32,M,octobre,octo
D580,Savanes,Tône,Dapaong,Tokoin,Passeport,Voyage,46,42,"0,07",mercredi 20 décembre 2023,Page pleine,Rejetée,Guichet,89,M,décembre,déce
D581,Kara,Kozah,Kara,Kodjoviakopé,Livre de famille,Civil,73,3,"0,12",jeudi 11 mai 2023,Détérioration,En cours,Guichet,33,M,mai,mai
D582,Centrale,Sotouboua,Sotouboua,Bè,Livre de famille,Civil,79,29,"0,09",vendredi 10 février 2023,Nouveau mariage,Traitee,En ligne,54,F,février,févr
D583,Kara,Kozah,Kara,Bè,Casier judiciaire,Judiciaire,157,31,"0,04",jeudi 21 décembre 2023,Emploi,En cours,En ligne,44,F,décembre,déce
D584,Maritime,Zio,Tsévié,Bè,Casier judiciaire,Judiciaire,143,19,"0,02",mardi 7 février 2023,Emploi,Traitee,En ligne,29,F,février,févr
D585,Kara,Binah,Pagouda,Nyékonakpoé,Livre de famille,Civil,55,23,"0,04",dimanche 2 juillet 2023,Nouveau mariage,En cours,En ligne,22,M,juillet,juil
D586,Centrale,Sotouboua,Sotouboua,Kwé,Casier judiciaire,Judiciaire,157,32,"0,15",jeudi 23 février 2023,Concours,Traitee,En ligne,37,F,février,févr
D587,Centrale,Sotouboua,Sotouboua,Bè,Livre de famille,Civil,167,7,"0,04",lundi 19 juin 2023,Détérioration,Traitee,Guichet,33,M,juin,juin
D588,Plateaux,Ogou,Atakpamé,Tokoin,Carte d'identité,Identité,186,42,"0,05",vendredi 12 mai 2023,Expiration,En cours,Guichet,76,M,mai,mai
D589,Savanes,Tône,Dapaong,Kodjoviakopé,Certificat de nationalité,Identité,95,5,"0,01",mercredi 23 août 2023,Concours,Rejetée,En ligne,18,F,août,août
D590,Kara,Kozah,Kara,Adidogomé,Passeport,Voyage,145,35,"0,13",lundi 3 avril 2023,Expiration,En cours,Guichet,41,F,avril,avri
D591,Maritime,Zio,Tsévié,Golfe,Passeport,Voyage,169,5,"0,11",jeudi 12 janvier 2023,Page pleine,En cours,Guichet,62,M,janvier,janv
D592,Maritime,Golfe,Bè,Amoutivé,Passeport,Voyage,82,42,"0,05",mercredi 22 mars 2023,Perte,En cours,En ligne,28,F,mars,mars
D593,Kara,Binah,Pagouda,Adidogomé,Casier judiciaire,Judiciaire,69,15,"0,05",dimanche 16 avril 2023,Voyage,Traitee,En ligne,60,M,avril,avri
D594,Maritime,Vo,Vogan,Golfe,Certificat de nationalité,Identité,126,10,"0,02",dimanche 13 août 2023,Première demande,En cours,En ligne,49,M,août,août
D595,Kara,Kozah,Kara,Hedzranawoé,Livre de famille,Civil,158,3,"0,06",samedi 1 juillet 2023,Perte,En cours,En ligne,22,F,juillet,juil
D596,Kara,Kozah,Kara,Bè,Livre de famille,Civil,15,26,"0,07",mercredi 22 novembre 2023,Nouveau mariage,Traitee,En ligne,84,M,novembre,nove
D597,Savanes,Oti,Mango,Amoutivé,Passeport,Voyage,92,38,"0,14",vendredi 7 juillet 2023,Expiration,Rejetée,Guichet,60,M,juillet,juil
D598,Maritime,Vo,Vogan,Nyékonakpoé,Certificat de nationalité,Identité,150,44,"0,12",mercredi 9 août 2023,Perte,Rejetée,Guichet,81,M,août,août
D599,Savanes,Oti,Mango,Agoè,Acte de naissance,Civil,189,3,"0,11",jeudi 3 août 2023,Erreur,Rejetée,En ligne,37,M,août,août
D600,Maritime,Golfe,Tokoin,Amoutivé,Livre de famille,Civil,134,1,"0,08",vendredi 27 janvier 2023,Nouveau mariage,Traitee,Guichet,37,M,janvier,janv

